-- phpMyAdmin SQL Dump
-- version 5.1.0
-- https://www.phpmyadmin.net/
--
-- Host: 127.0.0.1
-- Generation Time: Jul 20, 2021 at 07:13 AM
-- Server version: 10.4.19-MariaDB
-- PHP Version: 8.0.6

SET SQL_MODE = "NO_AUTO_VALUE_ON_ZERO";
START TRANSACTION;
SET time_zone = "+00:00";


/*!40101 SET @OLD_CHARACTER_SET_CLIENT=@@CHARACTER_SET_CLIENT */;
/*!40101 SET @OLD_CHARACTER_SET_RESULTS=@@CHARACTER_SET_RESULTS */;
/*!40101 SET @OLD_COLLATION_CONNECTION=@@COLLATION_CONNECTION */;
/*!40101 SET NAMES utf8mb4 */;

--
-- Database: `dfy-school`
--

-- --------------------------------------------------------

--
-- Table structure for table `addons`
--

CREATE TABLE `addons` (
  `id` int(11) NOT NULL,
  `name` varchar(255) NOT NULL,
  `unique_identifier` varchar(255) NOT NULL,
  `version` varchar(255) DEFAULT NULL,
  `status` int(11) NOT NULL,
  `created_at` int(11) DEFAULT NULL,
  `updated_at` int(11) DEFAULT NULL
) ENGINE=InnoDB DEFAULT CHARSET=utf8;

-- --------------------------------------------------------

--
-- Table structure for table `books`
--

CREATE TABLE `books` (
  `id` int(11) UNSIGNED NOT NULL,
  `name` varchar(255) COLLATE utf8_unicode_ci DEFAULT NULL,
  `author` varchar(255) COLLATE utf8_unicode_ci DEFAULT NULL,
  `copies` int(11) DEFAULT NULL,
  `school_id` int(11) DEFAULT NULL,
  `session` varchar(255) COLLATE utf8_unicode_ci DEFAULT NULL,
  `created_at` timestamp NULL DEFAULT NULL,
  `updated_at` timestamp NULL DEFAULT NULL
) ENGINE=InnoDB DEFAULT CHARSET=utf8 COLLATE=utf8_unicode_ci;

--
-- Dumping data for table `books`
--

INSERT INTO `books` (`id`, `name`, `author`, `copies`, `school_id`, `session`, `created_at`, `updated_at`) VALUES
(1, 'English', 'Test', 5, 1, '1', NULL, NULL),
(2, 'English', 'Test', 5, 1, '2', NULL, NULL);

-- --------------------------------------------------------

--
-- Table structure for table `book_issues`
--

CREATE TABLE `book_issues` (
  `id` int(11) UNSIGNED NOT NULL,
  `book_id` int(11) DEFAULT NULL,
  `class_id` int(11) DEFAULT NULL,
  `student_id` int(11) DEFAULT NULL,
  `issue_date` varchar(255) COLLATE utf8_unicode_ci DEFAULT NULL,
  `status` int(11) DEFAULT 0,
  `school_id` int(11) DEFAULT NULL,
  `session` varchar(255) COLLATE utf8_unicode_ci DEFAULT NULL,
  `created_at` timestamp NULL DEFAULT NULL,
  `updated_at` timestamp NULL DEFAULT NULL
) ENGINE=InnoDB DEFAULT CHARSET=utf8 COLLATE=utf8_unicode_ci;

--
-- Dumping data for table `book_issues`
--

INSERT INTO `book_issues` (`id`, `book_id`, `class_id`, `student_id`, `issue_date`, `status`, `school_id`, `session`, `created_at`, `updated_at`) VALUES
(1, 1, 1, 2, '1626633000', 1, 1, '1', NULL, NULL),
(2, 2, 1, 5, '1626633000', 1, 1, '2', NULL, NULL);

-- --------------------------------------------------------

--
-- Table structure for table `ci_sessions`
--

CREATE TABLE `ci_sessions` (
  `id` varchar(40) COLLATE utf8_unicode_ci DEFAULT NULL,
  `ip_address` varchar(45) COLLATE utf8_unicode_ci DEFAULT NULL,
  `timestamp` int(10) NOT NULL DEFAULT 0,
  `data` blob DEFAULT NULL
) ENGINE=InnoDB DEFAULT CHARSET=utf8 COLLATE=utf8_unicode_ci;

--
-- Dumping data for table `ci_sessions`
--

INSERT INTO `ci_sessions` (`id`, `ip_address`, `timestamp`, `data`) VALUES
('8v0f77csbd62da4tpkb600ta23j464kf', '::1', 1626667548, 0x5f5f63695f6c6173745f726567656e65726174657c693a313632363636373534383b757365725f6c6f67696e5f747970657c623a313b737570657261646d696e5f6c6f67696e7c623a313b757365725f69647c733a313a2231223b7363686f6f6c5f69647c733a313a2231223b757365725f6e616d657c733a333a22446679223b757365725f747970657c733a31303a22737570657261646d696e223b666c6173685f6d6573736167657c733a31323a2257656c636f6d65206261636b223b5f5f63695f766172737c613a313a7b733a31333a22666c6173685f6d657373616765223b733a333a226f6c64223b7d),
('gqmbnsh0s2snu3jps81q8cnhjbte8vqh', '::1', 1626667868, 0x5f5f63695f6c6173745f726567656e65726174657c693a313632363636373836383b757365725f6c6f67696e5f747970657c623a313b737570657261646d696e5f6c6f67696e7c623a313b757365725f69647c733a313a2231223b7363686f6f6c5f69647c733a313a2231223b757365725f6e616d657c733a333a22446679223b757365725f747970657c733a31303a22737570657261646d696e223b666c6173685f6d6573736167657c733a31323a2257656c636f6d65206261636b223b5f5f63695f766172737c613a313a7b733a31333a22666c6173685f6d657373616765223b733a333a226f6c64223b7d),
('04euega7rk6o8fe3uc2uvdf7tsbj8sht', '::1', 1626668221, 0x5f5f63695f6c6173745f726567656e65726174657c693a313632363636383232313b757365725f6c6f67696e5f747970657c623a313b737570657261646d696e5f6c6f67696e7c623a313b757365725f69647c733a313a2231223b7363686f6f6c5f69647c733a313a2231223b757365725f6e616d657c733a333a22446679223b757365725f747970657c733a31303a22737570657261646d696e223b666c6173685f6d6573736167657c733a31323a2257656c636f6d65206261636b223b5f5f63695f766172737c613a313a7b733a31333a22666c6173685f6d657373616765223b733a333a226f6c64223b7d),
('439drjna2m9k60g3el63dfkthdso7fqm', '::1', 1626668549, 0x5f5f63695f6c6173745f726567656e65726174657c693a313632363636383534393b757365725f6c6f67696e5f747970657c623a313b737570657261646d696e5f6c6f67696e7c623a313b757365725f69647c733a313a2231223b7363686f6f6c5f69647c733a313a2231223b757365725f6e616d657c733a333a22446679223b757365725f747970657c733a31303a22737570657261646d696e223b666c6173685f6d6573736167657c733a31323a2257656c636f6d65206261636b223b5f5f63695f766172737c613a313a7b733a31333a22666c6173685f6d657373616765223b733a333a226f6c64223b7d6163746976655f7363686f6f6c5f69647c733a313a2231223b),
('a1pjhebdg8r6as1s1gkhrgg16lhehqfl', '::1', 1626671019, 0x5f5f63695f6c6173745f726567656e65726174657c693a313632363637313031393b757365725f6c6f67696e5f747970657c623a313b737570657261646d696e5f6c6f67696e7c623a313b757365725f69647c733a313a2231223b7363686f6f6c5f69647c733a313a2231223b757365725f6e616d657c733a333a22446679223b757365725f747970657c733a31303a22737570657261646d696e223b666c6173685f6d6573736167657c733a31323a2257656c636f6d65206261636b223b5f5f63695f766172737c613a313a7b733a31333a22666c6173685f6d657373616765223b733a333a226f6c64223b7d6163746976655f7363686f6f6c5f69647c733a313a2231223b),
('457iog9hlbvmankp0o6qb4lekkkihsl1', '::1', 1626671527, 0x5f5f63695f6c6173745f726567656e65726174657c693a313632363637313532373b757365725f6c6f67696e5f747970657c623a313b737570657261646d696e5f6c6f67696e7c623a313b757365725f69647c733a313a2231223b7363686f6f6c5f69647c733a313a2231223b757365725f6e616d657c733a333a22446679223b757365725f747970657c733a31303a22737570657261646d696e223b666c6173685f6d6573736167657c733a31323a2257656c636f6d65206261636b223b5f5f63695f766172737c613a313a7b733a31333a22666c6173685f6d657373616765223b733a333a226f6c64223b7d6163746976655f7363686f6f6c5f69647c733a313a2231223b),
('ojig8a8ic3vblva5q81rc9krg182f5e2', '::1', 1626671831, 0x5f5f63695f6c6173745f726567656e65726174657c693a313632363637313833313b757365725f6c6f67696e5f747970657c623a313b737570657261646d696e5f6c6f67696e7c623a313b757365725f69647c733a313a2231223b7363686f6f6c5f69647c733a313a2231223b757365725f6e616d657c733a333a22446679223b757365725f747970657c733a31303a22737570657261646d696e223b666c6173685f6d6573736167657c733a31323a2257656c636f6d65206261636b223b5f5f63695f766172737c613a313a7b733a31333a22666c6173685f6d657373616765223b733a333a226f6c64223b7d6163746976655f7363686f6f6c5f69647c733a313a2231223b),
('d1somvc1p18or8d5vq7aeklqq3r3krm6', '::1', 1626672207, 0x5f5f63695f6c6173745f726567656e65726174657c693a313632363637323230373b757365725f6c6f67696e5f747970657c623a313b737570657261646d696e5f6c6f67696e7c623a313b757365725f69647c733a313a2231223b7363686f6f6c5f69647c733a313a2231223b757365725f6e616d657c733a333a22446679223b757365725f747970657c733a31303a22737570657261646d696e223b666c6173685f6d6573736167657c733a31323a2257656c636f6d65206261636b223b5f5f63695f766172737c613a313a7b733a31333a22666c6173685f6d657373616765223b733a333a226f6c64223b7d6163746976655f7363686f6f6c5f69647c733a313a2231223b),
('pan80soemd4p7eqsqtlak9qd4rlknk1o', '::1', 1626672528, 0x5f5f63695f6c6173745f726567656e65726174657c693a313632363637323532383b757365725f6c6f67696e5f747970657c623a313b737570657261646d696e5f6c6f67696e7c623a313b757365725f69647c733a313a2231223b7363686f6f6c5f69647c733a313a2231223b757365725f6e616d657c733a333a22446679223b757365725f747970657c733a31303a22737570657261646d696e223b666c6173685f6d6573736167657c733a31323a2257656c636f6d65206261636b223b5f5f63695f766172737c613a313a7b733a31333a22666c6173685f6d657373616765223b733a333a226f6c64223b7d6163746976655f7363686f6f6c5f69647c733a313a2231223b),
('7fuv907ff7jltp9klahrnv9eofp3qmdr', '::1', 1626672829, 0x5f5f63695f6c6173745f726567656e65726174657c693a313632363637323832393b757365725f6c6f67696e5f747970657c623a313b737570657261646d696e5f6c6f67696e7c623a313b757365725f69647c733a313a2231223b7363686f6f6c5f69647c733a313a2231223b757365725f6e616d657c733a333a22446679223b757365725f747970657c733a31303a22737570657261646d696e223b666c6173685f6d6573736167657c733a31323a2257656c636f6d65206261636b223b5f5f63695f766172737c613a313a7b733a31333a22666c6173685f6d657373616765223b733a333a226f6c64223b7d6163746976655f7363686f6f6c5f69647c733a313a2231223b),
('ae5n4t9gosadfuidp8uhcuvcqjpvj5tv', '::1', 1626673132, 0x5f5f63695f6c6173745f726567656e65726174657c693a313632363637333133323b757365725f6c6f67696e5f747970657c623a313b737570657261646d696e5f6c6f67696e7c623a313b757365725f69647c733a313a2231223b7363686f6f6c5f69647c733a313a2231223b757365725f6e616d657c733a333a22446679223b757365725f747970657c733a31303a22737570657261646d696e223b666c6173685f6d6573736167657c733a31323a2257656c636f6d65206261636b223b5f5f63695f766172737c613a313a7b733a31333a22666c6173685f6d657373616765223b733a333a226f6c64223b7d6163746976655f7363686f6f6c5f69647c733a313a2231223b),
('v070ei5qjrvie8g4k3532pgif02eioqq', '::1', 1626673454, 0x5f5f63695f6c6173745f726567656e65726174657c693a313632363637333435343b757365725f6c6f67696e5f747970657c623a313b737570657261646d696e5f6c6f67696e7c623a313b757365725f69647c733a313a2231223b7363686f6f6c5f69647c733a313a2231223b757365725f6e616d657c733a333a22446679223b757365725f747970657c733a31303a22737570657261646d696e223b666c6173685f6d6573736167657c733a31323a2257656c636f6d65206261636b223b5f5f63695f766172737c613a313a7b733a31333a22666c6173685f6d657373616765223b733a333a226f6c64223b7d6163746976655f7363686f6f6c5f69647c733a313a2231223b),
('2o03ipllmej3o1sjtkuei8gc4707l31n', '::1', 1626674377, 0x5f5f63695f6c6173745f726567656e65726174657c693a313632363637343337373b757365725f6c6f67696e5f747970657c623a313b737570657261646d696e5f6c6f67696e7c623a313b757365725f69647c733a313a2231223b7363686f6f6c5f69647c733a313a2231223b757365725f6e616d657c733a333a22446679223b757365725f747970657c733a31303a22737570657261646d696e223b666c6173685f6d6573736167657c733a31323a2257656c636f6d65206261636b223b5f5f63695f766172737c613a313a7b733a31333a22666c6173685f6d657373616765223b733a333a226f6c64223b7d6163746976655f7363686f6f6c5f69647c733a313a2231223b),
('vrem3t5t88s7t3s2l4uvn15vurb2up4n', '::1', 1626674690, 0x5f5f63695f6c6173745f726567656e65726174657c693a313632363637343639303b757365725f6c6f67696e5f747970657c623a313b737570657261646d696e5f6c6f67696e7c623a313b757365725f69647c733a313a2231223b7363686f6f6c5f69647c733a313a2231223b757365725f6e616d657c733a333a22446679223b757365725f747970657c733a31303a22737570657261646d696e223b666c6173685f6d6573736167657c733a31323a2257656c636f6d65206261636b223b5f5f63695f766172737c613a313a7b733a31333a22666c6173685f6d657373616765223b733a333a226f6c64223b7d6163746976655f7363686f6f6c5f69647c733a313a2231223b),
('ii0cteqn92slmug2hcpat74v0g86cuoa', '::1', 1626675017, 0x5f5f63695f6c6173745f726567656e65726174657c693a313632363637353031373b757365725f6c6f67696e5f747970657c623a313b737570657261646d696e5f6c6f67696e7c623a313b757365725f69647c733a313a2231223b7363686f6f6c5f69647c733a313a2231223b757365725f6e616d657c733a333a22446679223b757365725f747970657c733a31303a22737570657261646d696e223b666c6173685f6d6573736167657c733a31323a2257656c636f6d65206261636b223b5f5f63695f766172737c613a313a7b733a31333a22666c6173685f6d657373616765223b733a333a226f6c64223b7d6163746976655f7363686f6f6c5f69647c733a313a2231223b),
('ohi79ts76vdc6gtgjt55jve40e6v84hi', '::1', 1626675684, 0x5f5f63695f6c6173745f726567656e65726174657c693a313632363637353638343b757365725f6c6f67696e5f747970657c623a313b737570657261646d696e5f6c6f67696e7c623a313b757365725f69647c733a313a2231223b7363686f6f6c5f69647c733a313a2231223b757365725f6e616d657c733a333a22446679223b757365725f747970657c733a31303a22737570657261646d696e223b666c6173685f6d6573736167657c733a31323a2257656c636f6d65206261636b223b5f5f63695f766172737c613a313a7b733a31333a22666c6173685f6d657373616765223b733a333a226f6c64223b7d6163746976655f7363686f6f6c5f69647c733a313a2231223b),
('vfvrdhie7ch616bv442c1lp1t80srrak', '::1', 1626676627, 0x5f5f63695f6c6173745f726567656e65726174657c693a313632363637363632373b757365725f6c6f67696e5f747970657c623a313b737570657261646d696e5f6c6f67696e7c623a313b757365725f69647c733a313a2231223b7363686f6f6c5f69647c733a313a2231223b757365725f6e616d657c733a333a22446679223b757365725f747970657c733a31303a22737570657261646d696e223b666c6173685f6d6573736167657c733a31323a2257656c636f6d65206261636b223b5f5f63695f766172737c613a313a7b733a31333a22666c6173685f6d657373616765223b733a333a226f6c64223b7d6163746976655f7363686f6f6c5f69647c733a313a2231223b),
('4mf4qgjbebunsbv5v9pj6tmdio75k17o', '::1', 1626677009, 0x5f5f63695f6c6173745f726567656e65726174657c693a313632363637373030393b757365725f6c6f67696e5f747970657c623a313b737570657261646d696e5f6c6f67696e7c623a313b757365725f69647c733a313a2231223b7363686f6f6c5f69647c733a313a2231223b757365725f6e616d657c733a333a22446679223b757365725f747970657c733a31303a22737570657261646d696e223b666c6173685f6d6573736167657c733a31323a2257656c636f6d65206261636b223b5f5f63695f766172737c613a313a7b733a31333a22666c6173685f6d657373616765223b733a333a226f6c64223b7d6163746976655f7363686f6f6c5f69647c733a313a2231223b),
('avfdmql531r2ffvrp6erckq8fnqosdj9', '::1', 1626677384, 0x5f5f63695f6c6173745f726567656e65726174657c693a313632363637373338343b757365725f6c6f67696e5f747970657c623a313b737570657261646d696e5f6c6f67696e7c623a313b757365725f69647c733a313a2231223b7363686f6f6c5f69647c733a313a2231223b757365725f6e616d657c733a333a22446679223b757365725f747970657c733a31303a22737570657261646d696e223b666c6173685f6d6573736167657c733a31323a2257656c636f6d65206261636b223b5f5f63695f766172737c613a313a7b733a31333a22666c6173685f6d657373616765223b733a333a226f6c64223b7d6163746976655f7363686f6f6c5f69647c733a313a2231223b),
('7k3a3dpqvte6kf3tddvai494drd3svsv', '::1', 1626677878, 0x5f5f63695f6c6173745f726567656e65726174657c693a313632363637373837383b757365725f6c6f67696e5f747970657c623a313b737570657261646d696e5f6c6f67696e7c623a313b757365725f69647c733a313a2231223b7363686f6f6c5f69647c733a313a2231223b757365725f6e616d657c733a333a22446679223b757365725f747970657c733a31303a22737570657261646d696e223b666c6173685f6d6573736167657c733a31323a2257656c636f6d65206261636b223b5f5f63695f766172737c613a313a7b733a31333a22666c6173685f6d657373616765223b733a333a226f6c64223b7d6163746976655f7363686f6f6c5f69647c733a313a2231223b),
('45begakiokg26m5skd1g1pq6p0pb918s', '::1', 1626677832, 0x5f5f63695f6c6173745f726567656e65726174657c693a313632363637373833323b),
('5cj52s3chqai646oobt9a32b3poee9f4', '::1', 1626678222, 0x5f5f63695f6c6173745f726567656e65726174657c693a313632363637383232323b757365725f6c6f67696e5f747970657c623a313b737570657261646d696e5f6c6f67696e7c623a313b757365725f69647c733a313a2231223b7363686f6f6c5f69647c733a313a2231223b757365725f6e616d657c733a333a22446679223b757365725f747970657c733a31303a22737570657261646d696e223b666c6173685f6d6573736167657c733a31323a2257656c636f6d65206261636b223b5f5f63695f766172737c613a313a7b733a31333a22666c6173685f6d657373616765223b733a333a226f6c64223b7d6163746976655f7363686f6f6c5f69647c733a313a2231223b),
('tgle1bragk7n8db93k4rcr3fpnp9u2e9', '::1', 1626678690, 0x5f5f63695f6c6173745f726567656e65726174657c693a313632363637383639303b757365725f6c6f67696e5f747970657c623a313b737570657261646d696e5f6c6f67696e7c623a313b757365725f69647c733a313a2231223b7363686f6f6c5f69647c733a313a2231223b757365725f6e616d657c733a333a22446679223b757365725f747970657c733a31303a22737570657261646d696e223b666c6173685f6d6573736167657c733a31323a2257656c636f6d65206261636b223b5f5f63695f766172737c613a313a7b733a31333a22666c6173685f6d657373616765223b733a333a226f6c64223b7d6163746976655f7363686f6f6c5f69647c733a313a2231223b),
('s9eignlad1fto4q4mqm0dlofjggqau68', '::1', 1626679023, 0x5f5f63695f6c6173745f726567656e65726174657c693a313632363637393032333b757365725f6c6f67696e5f747970657c623a313b737570657261646d696e5f6c6f67696e7c623a313b757365725f69647c733a313a2231223b7363686f6f6c5f69647c733a313a2231223b757365725f6e616d657c733a333a22446679223b757365725f747970657c733a31303a22737570657261646d696e223b666c6173685f6d6573736167657c733a31323a2257656c636f6d65206261636b223b5f5f63695f766172737c613a313a7b733a31333a22666c6173685f6d657373616765223b733a333a226f6c64223b7d6163746976655f7363686f6f6c5f69647c733a313a2231223b),
('boo5ekem7hcts5cec6k18rpk5coshuag', '::1', 1626679411, 0x5f5f63695f6c6173745f726567656e65726174657c693a313632363637393431313b757365725f6c6f67696e5f747970657c623a313b737570657261646d696e5f6c6f67696e7c623a313b757365725f69647c733a313a2231223b7363686f6f6c5f69647c733a313a2231223b757365725f6e616d657c733a333a22446679223b757365725f747970657c733a31303a22737570657261646d696e223b666c6173685f6d6573736167657c733a31323a2257656c636f6d65206261636b223b5f5f63695f766172737c613a313a7b733a31333a22666c6173685f6d657373616765223b733a333a226f6c64223b7d6163746976655f7363686f6f6c5f69647c733a313a2231223b),
('15jl1puef74a2v6p6dm2desbuqsqujlu', '::1', 1626679725, 0x5f5f63695f6c6173745f726567656e65726174657c693a313632363637393732353b757365725f6c6f67696e5f747970657c623a313b737570657261646d696e5f6c6f67696e7c623a313b757365725f69647c733a313a2231223b7363686f6f6c5f69647c733a313a2231223b757365725f6e616d657c733a333a22446679223b757365725f747970657c733a31303a22737570657261646d696e223b666c6173685f6d6573736167657c733a31323a2257656c636f6d65206261636b223b5f5f63695f766172737c613a313a7b733a31333a22666c6173685f6d657373616765223b733a333a226f6c64223b7d6163746976655f7363686f6f6c5f69647c733a313a2231223b),
('aj0recu1ldl1gc9mb355nhhmp6livr3i', '::1', 1626680110, 0x5f5f63695f6c6173745f726567656e65726174657c693a313632363638303131303b757365725f6c6f67696e5f747970657c623a313b737570657261646d696e5f6c6f67696e7c623a313b757365725f69647c733a313a2231223b7363686f6f6c5f69647c733a313a2231223b757365725f6e616d657c733a333a22446679223b757365725f747970657c733a31303a22737570657261646d696e223b666c6173685f6d6573736167657c733a31323a2257656c636f6d65206261636b223b5f5f63695f766172737c613a313a7b733a31333a22666c6173685f6d657373616765223b733a333a226f6c64223b7d6163746976655f7363686f6f6c5f69647c733a313a2231223b),
('3rdd4pr7qeqm096pdbsfqg2i3be3hplf', '::1', 1626680483, 0x5f5f63695f6c6173745f726567656e65726174657c693a313632363638303438333b757365725f6c6f67696e5f747970657c623a313b737570657261646d696e5f6c6f67696e7c623a313b757365725f69647c733a313a2231223b7363686f6f6c5f69647c733a313a2231223b757365725f6e616d657c733a333a22446679223b757365725f747970657c733a31303a22737570657261646d696e223b666c6173685f6d6573736167657c733a31323a2257656c636f6d65206261636b223b5f5f63695f766172737c613a313a7b733a31333a22666c6173685f6d657373616765223b733a333a226f6c64223b7d6163746976655f7363686f6f6c5f69647c733a313a2231223b),
('7vf5rjlg5i1r78eeap54glv8vln56cbb', '::1', 1626680821, 0x5f5f63695f6c6173745f726567656e65726174657c693a313632363638303832313b757365725f6c6f67696e5f747970657c623a313b737570657261646d696e5f6c6f67696e7c623a313b757365725f69647c733a313a2231223b7363686f6f6c5f69647c733a313a2231223b757365725f6e616d657c733a333a22446679223b757365725f747970657c733a31303a22737570657261646d696e223b666c6173685f6d6573736167657c733a31323a2257656c636f6d65206261636b223b5f5f63695f766172737c613a313a7b733a31333a22666c6173685f6d657373616765223b733a333a226f6c64223b7d6163746976655f7363686f6f6c5f69647c733a313a2231223b),
('0jda292rep9l1s2gr71isteg3otuqkhk', '::1', 1626681295, 0x5f5f63695f6c6173745f726567656e65726174657c693a313632363638313239353b757365725f6c6f67696e5f747970657c623a313b737570657261646d696e5f6c6f67696e7c623a313b757365725f69647c733a313a2231223b7363686f6f6c5f69647c733a313a2231223b757365725f6e616d657c733a333a22446679223b757365725f747970657c733a31303a22737570657261646d696e223b666c6173685f6d6573736167657c733a31323a2257656c636f6d65206261636b223b5f5f63695f766172737c613a313a7b733a31333a22666c6173685f6d657373616765223b733a333a226f6c64223b7d6163746976655f7363686f6f6c5f69647c733a313a2231223b),
('7mgfbviafb542b80d4c3l1vss2bdap88', '::1', 1626683418, 0x5f5f63695f6c6173745f726567656e65726174657c693a313632363638333431383b757365725f6c6f67696e5f747970657c623a313b737570657261646d696e5f6c6f67696e7c623a313b757365725f69647c733a313a2231223b7363686f6f6c5f69647c733a313a2231223b757365725f6e616d657c733a333a22446679223b757365725f747970657c733a31303a22737570657261646d696e223b666c6173685f6d6573736167657c733a31323a2257656c636f6d65206261636b223b5f5f63695f766172737c613a313a7b733a31333a22666c6173685f6d657373616765223b733a333a226f6c64223b7d6163746976655f7363686f6f6c5f69647c733a313a2231223b),
('kbd7j9pks2i2pl42525fkdl9h6nosani', '::1', 1626681525, 0x5f5f63695f6c6173745f726567656e65726174657c693a313632363638313530303b666c6173685f6d6573736167657c733a32383a22506c6561736520636865636b20796f7572206d61696c20696e626f78223b5f5f63695f766172737c613a313a7b733a31333a22666c6173685f6d657373616765223b733a333a226f6c64223b7d),
('g7at16tj4nng4r0bho858tqhbv7lrjoc', '::1', 1626683806, 0x5f5f63695f6c6173745f726567656e65726174657c693a313632363638333830363b757365725f6c6f67696e5f747970657c623a313b737570657261646d696e5f6c6f67696e7c623a313b757365725f69647c733a313a2231223b7363686f6f6c5f69647c733a313a2231223b757365725f6e616d657c733a333a22446679223b757365725f747970657c733a31303a22737570657261646d696e223b666c6173685f6d6573736167657c733a31323a2257656c636f6d65206261636b223b5f5f63695f766172737c613a313a7b733a31333a22666c6173685f6d657373616765223b733a333a226f6c64223b7d6163746976655f7363686f6f6c5f69647c733a313a2231223b),
('ig4ahbms7q70quou0g12ie0eqn9pkkc9', '::1', 1626684844, 0x5f5f63695f6c6173745f726567656e65726174657c693a313632363638343834343b757365725f6c6f67696e5f747970657c623a313b737570657261646d696e5f6c6f67696e7c623a313b757365725f69647c733a313a2231223b7363686f6f6c5f69647c733a313a2231223b757365725f6e616d657c733a333a22446679223b757365725f747970657c733a31303a22737570657261646d696e223b666c6173685f6d6573736167657c733a31323a2257656c636f6d65206261636b223b5f5f63695f766172737c613a313a7b733a31333a22666c6173685f6d657373616765223b733a333a226f6c64223b7d6163746976655f7363686f6f6c5f69647c733a313a2231223b),
('dtb6jsd89uh7kjgvujsjqi1ll3h67mfa', '::1', 1626685348, 0x5f5f63695f6c6173745f726567656e65726174657c693a313632363638353334383b757365725f6c6f67696e5f747970657c623a313b737570657261646d696e5f6c6f67696e7c623a313b757365725f69647c733a313a2231223b7363686f6f6c5f69647c733a313a2231223b757365725f6e616d657c733a333a22446679223b757365725f747970657c733a31303a22737570657261646d696e223b666c6173685f6d6573736167657c733a31323a2257656c636f6d65206261636b223b5f5f63695f766172737c613a313a7b733a31333a22666c6173685f6d657373616765223b733a333a226f6c64223b7d6163746976655f7363686f6f6c5f69647c733a313a2231223b),
('94gbd5gk3in2go5fiuoi12i3qr1c46ut', '::1', 1626685725, 0x5f5f63695f6c6173745f726567656e65726174657c693a313632363638353732353b757365725f6c6f67696e5f747970657c623a313b737570657261646d696e5f6c6f67696e7c623a313b757365725f69647c733a313a2231223b7363686f6f6c5f69647c733a313a2231223b757365725f6e616d657c733a333a22446679223b757365725f747970657c733a31303a22737570657261646d696e223b666c6173685f6d6573736167657c733a31323a2257656c636f6d65206261636b223b5f5f63695f766172737c613a313a7b733a31333a22666c6173685f6d657373616765223b733a333a226f6c64223b7d6163746976655f7363686f6f6c5f69647c733a313a2231223b),
('vphulo344223trmsqeg5ifdpqb0lst7o', '::1', 1626685678, 0x5f5f63695f6c6173745f726567656e65726174657c693a313632363638353637383b757365725f6c6f67696e5f747970657c623a313b706172656e745f6c6f67696e7c623a313b757365725f69647c733a313a2233223b7363686f6f6c5f69647c733a313a2231223b757365725f6e616d657c733a31313a22526168756c204b756d6172223b757365725f747970657c733a363a22706172656e74223b666c6173685f6d6573736167657c733a31323a2257656c636f6d65206261636b223b5f5f63695f766172737c613a313a7b733a31333a22666c6173685f6d657373616765223b733a333a226f6c64223b7d),
('598e8f8ahlh8b67lp457k77q973noagh', '::1', 1626686329, 0x5f5f63695f6c6173745f726567656e65726174657c693a313632363638363332393b757365725f6c6f67696e5f747970657c623a313b706172656e745f6c6f67696e7c623a313b757365725f69647c733a313a2233223b7363686f6f6c5f69647c733a313a2231223b757365725f6e616d657c733a31313a22526168756c204b756d6172223b757365725f747970657c733a363a22706172656e74223b666c6173685f6d6573736167657c733a31323a2257656c636f6d65206261636b223b5f5f63695f766172737c613a313a7b733a31333a22666c6173685f6d657373616765223b733a333a226f6c64223b7d),
('9mkfqvprjcilegf370eno9u93osk7a52', '::1', 1626686191, 0x5f5f63695f6c6173745f726567656e65726174657c693a313632363638363139313b757365725f6c6f67696e5f747970657c623a313b737570657261646d696e5f6c6f67696e7c623a313b757365725f69647c733a313a2231223b7363686f6f6c5f69647c733a313a2231223b757365725f6e616d657c733a333a22446679223b757365725f747970657c733a31303a22737570657261646d696e223b666c6173685f6d6573736167657c733a31323a2257656c636f6d65206261636b223b5f5f63695f766172737c613a313a7b733a31333a22666c6173685f6d657373616765223b733a333a226f6c64223b7d6163746976655f7363686f6f6c5f69647c733a313a2231223b),
('b0nuol5pp9fg45m302q7stjmdpvj7kan', '::1', 1626686598, 0x5f5f63695f6c6173745f726567656e65726174657c693a313632363638363539383b757365725f6c6f67696e5f747970657c623a313b737570657261646d696e5f6c6f67696e7c623a313b757365725f69647c733a313a2231223b7363686f6f6c5f69647c733a313a2231223b757365725f6e616d657c733a333a22446679223b757365725f747970657c733a31303a22737570657261646d696e223b666c6173685f6d6573736167657c733a31323a2257656c636f6d65206261636b223b5f5f63695f766172737c613a313a7b733a31333a22666c6173685f6d657373616765223b733a333a226f6c64223b7d6163746976655f7363686f6f6c5f69647c733a313a2231223b),
('sj2m8513gfg2hrfr10af7rn3u7saej2r', '::1', 1626687617, 0x5f5f63695f6c6173745f726567656e65726174657c693a313632363638373631373b757365725f6c6f67696e5f747970657c623a313b706172656e745f6c6f67696e7c623a313b757365725f69647c733a313a2233223b7363686f6f6c5f69647c733a313a2231223b757365725f6e616d657c733a31313a22526168756c204b756d6172223b757365725f747970657c733a363a22706172656e74223b666c6173685f6d6573736167657c733a31323a2257656c636f6d65206261636b223b5f5f63695f766172737c613a313a7b733a31333a22666c6173685f6d657373616765223b733a333a226f6c64223b7d),
('304pih5htq8d8n02b4btmlj8vdunubri', '::1', 1626687834, 0x5f5f63695f6c6173745f726567656e65726174657c693a313632363638373833343b757365725f6c6f67696e5f747970657c623a313b737570657261646d696e5f6c6f67696e7c623a313b757365725f69647c733a313a2231223b7363686f6f6c5f69647c733a313a2231223b757365725f6e616d657c733a333a22446679223b757365725f747970657c733a31303a22737570657261646d696e223b666c6173685f6d6573736167657c733a31323a2257656c636f6d65206261636b223b5f5f63695f766172737c613a313a7b733a31333a22666c6173685f6d657373616765223b733a333a226f6c64223b7d6163746976655f7363686f6f6c5f69647c733a313a2231223b),
('20gco03klh631ivggtagv2l660hp5ip8', '::1', 1626688003, 0x5f5f63695f6c6173745f726567656e65726174657c693a313632363638383030333b757365725f6c6f67696e5f747970657c623a313b706172656e745f6c6f67696e7c623a313b757365725f69647c733a313a2233223b7363686f6f6c5f69647c733a313a2231223b757365725f6e616d657c733a31313a22526168756c204b756d6172223b757365725f747970657c733a363a22706172656e74223b666c6173685f6d6573736167657c733a31323a2257656c636f6d65206261636b223b5f5f63695f766172737c613a313a7b733a31333a22666c6173685f6d657373616765223b733a333a226f6c64223b7d),
('0usbs1sfkt5hjn7bcapg450gn3mp7oc0', '::1', 1626688405, 0x5f5f63695f6c6173745f726567656e65726174657c693a313632363638383430353b757365725f6c6f67696e5f747970657c623a313b737570657261646d696e5f6c6f67696e7c623a313b757365725f69647c733a313a2231223b7363686f6f6c5f69647c733a313a2231223b757365725f6e616d657c733a333a22446679223b757365725f747970657c733a31303a22737570657261646d696e223b666c6173685f6d6573736167657c733a31323a2257656c636f6d65206261636b223b5f5f63695f766172737c613a313a7b733a31333a22666c6173685f6d657373616765223b733a333a226f6c64223b7d6163746976655f7363686f6f6c5f69647c733a313a2231223b),
('s7qecqmg4i8149ohmqte7ac5hbh83654', '::1', 1626688444, 0x5f5f63695f6c6173745f726567656e65726174657c693a313632363638383434343b757365725f6c6f67696e5f747970657c623a313b706172656e745f6c6f67696e7c623a313b757365725f69647c733a313a2233223b7363686f6f6c5f69647c733a313a2231223b757365725f6e616d657c733a31313a22526168756c204b756d6172223b757365725f747970657c733a363a22706172656e74223b666c6173685f6d6573736167657c733a31323a2257656c636f6d65206261636b223b5f5f63695f766172737c613a313a7b733a31333a22666c6173685f6d657373616765223b733a333a226f6c64223b7d),
('lgvnjpg4vf01fqpm5p2t36dcajeo8nim', '127.0.0.1', 1626689346, 0x5f5f63695f6c6173745f726567656e65726174657c693a313632363638393334363b757365725f6c6f67696e5f747970657c623a313b737570657261646d696e5f6c6f67696e7c623a313b757365725f69647c733a313a2231223b7363686f6f6c5f69647c733a313a2231223b757365725f6e616d657c733a333a22446679223b757365725f747970657c733a31303a22737570657261646d696e223b666c6173685f6d6573736167657c733a31323a2257656c636f6d65206261636b223b5f5f63695f766172737c613a313a7b733a31333a22666c6173685f6d657373616765223b733a333a226f6c64223b7d6163746976655f7363686f6f6c5f69647c733a313a2231223b),
('ms7ckvq39pvhopluag7ggu1fn5r4mv3s', '::1', 1626689537, 0x5f5f63695f6c6173745f726567656e65726174657c693a313632363638393533373b757365725f6c6f67696e5f747970657c623a313b706172656e745f6c6f67696e7c623a313b757365725f69647c733a313a2233223b7363686f6f6c5f69647c733a313a2231223b757365725f6e616d657c733a31313a22526168756c204b756d6172223b757365725f747970657c733a363a22706172656e74223b666c6173685f6d6573736167657c733a31323a2257656c636f6d65206261636b223b5f5f63695f766172737c613a313a7b733a31333a22666c6173685f6d657373616765223b733a333a226f6c64223b7d),
('7tkura5jtdgpmgth28lvu8599emh8g1t', '::1', 1626689674, 0x5f5f63695f6c6173745f726567656e65726174657c693a313632363638393637343b757365725f6c6f67696e5f747970657c623a313b737570657261646d696e5f6c6f67696e7c623a313b757365725f69647c733a313a2231223b7363686f6f6c5f69647c733a313a2231223b757365725f6e616d657c733a333a22446679223b757365725f747970657c733a31303a22737570657261646d696e223b666c6173685f6d6573736167657c733a31323a2257656c636f6d65206261636b223b5f5f63695f766172737c613a313a7b733a31333a22666c6173685f6d657373616765223b733a333a226f6c64223b7d6163746976655f7363686f6f6c5f69647c733a313a2231223b),
('3k6vqm9ta52fg992gti366s8hrt6fnrt', '::1', 1626689911, 0x5f5f63695f6c6173745f726567656e65726174657c693a313632363638393931313b757365725f6c6f67696e5f747970657c623a313b706172656e745f6c6f67696e7c623a313b757365725f69647c733a313a2233223b7363686f6f6c5f69647c733a313a2231223b757365725f6e616d657c733a31313a22526168756c204b756d6172223b757365725f747970657c733a363a22706172656e74223b666c6173685f6d6573736167657c733a31323a2257656c636f6d65206261636b223b5f5f63695f766172737c613a313a7b733a31333a22666c6173685f6d657373616765223b733a333a226f6c64223b7d),
('eedlrtqjvj7a99u2rcn48gj5n094hkj8', '::1', 1626690084, 0x5f5f63695f6c6173745f726567656e65726174657c693a313632363639303038343b757365725f6c6f67696e5f747970657c623a313b737570657261646d696e5f6c6f67696e7c623a313b757365725f69647c733a313a2231223b7363686f6f6c5f69647c733a313a2231223b757365725f6e616d657c733a333a22446679223b757365725f747970657c733a31303a22737570657261646d696e223b666c6173685f6d6573736167657c733a31323a2257656c636f6d65206261636b223b5f5f63695f766172737c613a313a7b733a31333a22666c6173685f6d657373616765223b733a333a226f6c64223b7d6163746976655f7363686f6f6c5f69647c733a313a2231223b),
('ro6glgjulqhaib0o5eqfhtch2fk84kdi', '::1', 1626692354, 0x5f5f63695f6c6173745f726567656e65726174657c693a313632363639323335343b757365725f6c6f67696e5f747970657c623a313b706172656e745f6c6f67696e7c623a313b757365725f69647c733a313a2233223b7363686f6f6c5f69647c733a313a2231223b757365725f6e616d657c733a31313a22526168756c204b756d6172223b757365725f747970657c733a363a22706172656e74223b666c6173685f6d6573736167657c733a31323a2257656c636f6d65206261636b223b5f5f63695f766172737c613a313a7b733a31333a22666c6173685f6d657373616765223b733a333a226f6c64223b7d),
('1km28ejaf95j7iavp3e6mlou0qoj956t', '::1', 1626690414, 0x5f5f63695f6c6173745f726567656e65726174657c693a313632363639303431343b757365725f6c6f67696e5f747970657c623a313b737570657261646d696e5f6c6f67696e7c623a313b757365725f69647c733a313a2231223b7363686f6f6c5f69647c733a313a2231223b757365725f6e616d657c733a333a22446679223b757365725f747970657c733a31303a22737570657261646d696e223b666c6173685f6d6573736167657c733a31323a2257656c636f6d65206261636b223b5f5f63695f766172737c613a313a7b733a31333a22666c6173685f6d657373616765223b733a333a226f6c64223b7d6163746976655f7363686f6f6c5f69647c733a313a2231223b),
('46p3fdei52iorgvrmhpbtro2t309d0tk', '::1', 1626690903, 0x5f5f63695f6c6173745f726567656e65726174657c693a313632363639303930333b757365725f6c6f67696e5f747970657c623a313b737570657261646d696e5f6c6f67696e7c623a313b757365725f69647c733a313a2231223b7363686f6f6c5f69647c733a313a2231223b757365725f6e616d657c733a333a22446679223b757365725f747970657c733a31303a22737570657261646d696e223b666c6173685f6d6573736167657c733a31323a2257656c636f6d65206261636b223b5f5f63695f766172737c613a313a7b733a31333a22666c6173685f6d657373616765223b733a333a226f6c64223b7d6163746976655f7363686f6f6c5f69647c733a313a2231223b),
('ue4v2bsgq7ppfojt4luvtt57l1gmc769', '::1', 1626691707, 0x5f5f63695f6c6173745f726567656e65726174657c693a313632363639313730373b757365725f6c6f67696e5f747970657c623a313b737570657261646d696e5f6c6f67696e7c623a313b757365725f69647c733a313a2231223b7363686f6f6c5f69647c733a313a2231223b757365725f6e616d657c733a333a22446679223b757365725f747970657c733a31303a22737570657261646d696e223b666c6173685f6d6573736167657c733a31323a2257656c636f6d65206261636b223b5f5f63695f766172737c613a313a7b733a31333a22666c6173685f6d657373616765223b733a333a226f6c64223b7d6163746976655f7363686f6f6c5f69647c733a313a2231223b),
('k72aqhbhvls7m2ijs9ic5qbrpd77qlln', '::1', 1626692166, 0x5f5f63695f6c6173745f726567656e65726174657c693a313632363639323136363b757365725f6c6f67696e5f747970657c623a313b737570657261646d696e5f6c6f67696e7c623a313b757365725f69647c733a313a2231223b7363686f6f6c5f69647c733a313a2231223b757365725f6e616d657c733a333a22446679223b757365725f747970657c733a31303a22737570657261646d696e223b666c6173685f6d6573736167657c733a31323a2257656c636f6d65206261636b223b5f5f63695f766172737c613a313a7b733a31333a22666c6173685f6d657373616765223b733a333a226f6c64223b7d6163746976655f7363686f6f6c5f69647c733a313a2231223b),
('s9qdf10la00lfqm1ssvc5dkmcgh47lsf', '::1', 1626693006, 0x5f5f63695f6c6173745f726567656e65726174657c693a313632363639333030363b757365725f6c6f67696e5f747970657c623a313b737570657261646d696e5f6c6f67696e7c623a313b757365725f69647c733a313a2231223b7363686f6f6c5f69647c733a313a2231223b757365725f6e616d657c733a333a22446679223b757365725f747970657c733a31303a22737570657261646d696e223b666c6173685f6d6573736167657c733a31323a2257656c636f6d65206261636b223b5f5f63695f766172737c613a313a7b733a31333a22666c6173685f6d657373616765223b733a333a226f6c64223b7d6163746976655f7363686f6f6c5f69647c733a313a2231223b),
('a9nr1mpvq0s98ne27tbmd1l6022p41te', '::1', 1626692999, 0x5f5f63695f6c6173745f726567656e65726174657c693a313632363639323939393b757365725f6c6f67696e5f747970657c623a313b706172656e745f6c6f67696e7c623a313b757365725f69647c733a313a2233223b7363686f6f6c5f69647c733a313a2231223b757365725f6e616d657c733a31313a22526168756c204b756d6172223b757365725f747970657c733a363a22706172656e74223b666c6173685f6d6573736167657c733a31323a2257656c636f6d65206261636b223b5f5f63695f766172737c613a313a7b733a31333a22666c6173685f6d657373616765223b733a333a226f6c64223b7d),
('pjltcnkrg2f956f6j73vmplfa2mat26p', '::1', 1626693345, 0x5f5f63695f6c6173745f726567656e65726174657c693a313632363639333334353b757365725f6c6f67696e5f747970657c623a313b706172656e745f6c6f67696e7c623a313b757365725f69647c733a313a2233223b7363686f6f6c5f69647c733a313a2231223b757365725f6e616d657c733a31313a22526168756c204b756d6172223b757365725f747970657c733a363a22706172656e74223b666c6173685f6d6573736167657c733a31323a2257656c636f6d65206261636b223b5f5f63695f766172737c613a313a7b733a31333a22666c6173685f6d657373616765223b733a333a226f6c64223b7d),
('r6frufj0otni0m91v9oujkr8n2b1d873', '::1', 1626693662, 0x5f5f63695f6c6173745f726567656e65726174657c693a313632363639333636323b757365725f6c6f67696e5f747970657c623a313b737570657261646d696e5f6c6f67696e7c623a313b757365725f69647c733a313a2231223b7363686f6f6c5f69647c733a313a2231223b757365725f6e616d657c733a333a22446679223b757365725f747970657c733a31303a22737570657261646d696e223b666c6173685f6d6573736167657c733a31323a2257656c636f6d65206261636b223b5f5f63695f766172737c613a313a7b733a31333a22666c6173685f6d657373616765223b733a333a226f6c64223b7d6163746976655f7363686f6f6c5f69647c733a313a2231223b),
('7um7c89clrgi01heh8mjtimd96v9t1pt', '::1', 1626695073, 0x5f5f63695f6c6173745f726567656e65726174657c693a313632363639353037333b757365725f6c6f67696e5f747970657c623a313b706172656e745f6c6f67696e7c623a313b757365725f69647c733a313a2233223b7363686f6f6c5f69647c733a313a2231223b757365725f6e616d657c733a31313a22526168756c204b756d6172223b757365725f747970657c733a363a22706172656e74223b666c6173685f6d6573736167657c733a31323a2257656c636f6d65206261636b223b5f5f63695f766172737c613a313a7b733a31333a22666c6173685f6d657373616765223b733a333a226f6c64223b7d),
('nc24slv8hjei27m5c1u8smp31gtktv9h', '::1', 1626694497, 0x5f5f63695f6c6173745f726567656e65726174657c693a313632363639343439373b757365725f6c6f67696e5f747970657c623a313b737570657261646d696e5f6c6f67696e7c623a313b757365725f69647c733a313a2231223b7363686f6f6c5f69647c733a313a2231223b757365725f6e616d657c733a333a22446679223b757365725f747970657c733a31303a22737570657261646d696e223b666c6173685f6d6573736167657c733a31323a2257656c636f6d65206261636b223b5f5f63695f766172737c613a313a7b733a31333a22666c6173685f6d657373616765223b733a333a226f6c64223b7d6163746976655f7363686f6f6c5f69647c733a313a2231223b),
('d6dv0si16jmmh0aioeh09p4ut7akho9i', '::1', 1626695284, 0x5f5f63695f6c6173745f726567656e65726174657c693a313632363639353238343b757365725f6c6f67696e5f747970657c623a313b737570657261646d696e5f6c6f67696e7c623a313b757365725f69647c733a313a2231223b7363686f6f6c5f69647c733a313a2231223b757365725f6e616d657c733a333a22446679223b757365725f747970657c733a31303a22737570657261646d696e223b666c6173685f6d6573736167657c733a31323a2257656c636f6d65206261636b223b5f5f63695f766172737c613a313a7b733a31333a22666c6173685f6d657373616765223b733a333a226f6c64223b7d6163746976655f7363686f6f6c5f69647c733a313a2231223b),
('219vtmer5peqe885koe5c71dkcgd1b1s', '::1', 1626696086, 0x5f5f63695f6c6173745f726567656e65726174657c693a313632363639363038363b757365725f6c6f67696e5f747970657c623a313b706172656e745f6c6f67696e7c623a313b757365725f69647c733a313a2233223b7363686f6f6c5f69647c733a313a2231223b757365725f6e616d657c733a31313a22526168756c204b756d6172223b757365725f747970657c733a363a22706172656e74223b666c6173685f6d6573736167657c733a31323a2257656c636f6d65206261636b223b5f5f63695f766172737c613a313a7b733a31333a22666c6173685f6d657373616765223b733a333a226f6c64223b7d),
('c4l2ojpnete5p20tl593rgc7nvupbbam', '::1', 1626695287, 0x5f5f63695f6c6173745f726567656e65726174657c693a313632363639353238343b757365725f6c6f67696e5f747970657c623a313b737570657261646d696e5f6c6f67696e7c623a313b757365725f69647c733a313a2231223b7363686f6f6c5f69647c733a313a2231223b757365725f6e616d657c733a333a22446679223b757365725f747970657c733a31303a22737570657261646d696e223b666c6173685f6d6573736167657c733a31323a2257656c636f6d65206261636b223b5f5f63695f766172737c613a313a7b733a31333a22666c6173685f6d657373616765223b733a333a226f6c64223b7d6163746976655f7363686f6f6c5f69647c733a313a2231223b),
('tm8u8db4bv2hpka8icdr4av667g1gfef', '::1', 1626696503, 0x5f5f63695f6c6173745f726567656e65726174657c693a313632363639363530333b757365725f6c6f67696e5f747970657c623a313b6163636f756e74616e745f6c6f67696e7c623a313b757365725f69647c733a313a2234223b7363686f6f6c5f69647c733a313a2231223b757365725f6e616d657c733a31323a2250616e6b616a204b756d6172223b757365725f747970657c733a31303a226163636f756e74616e74223b666c6173685f6d6573736167657c733a31323a2257656c636f6d65206261636b223b5f5f63695f766172737c613a313a7b733a31333a22666c6173685f6d657373616765223b733a333a226f6c64223b7d),
('cnjtjcsqqau6k07hreu8aesspg499tkv', '::1', 1626696592, 0x5f5f63695f6c6173745f726567656e65726174657c693a313632363639363530333b757365725f6c6f67696e5f747970657c623a313b6163636f756e74616e745f6c6f67696e7c623a313b757365725f69647c733a313a2234223b7363686f6f6c5f69647c733a313a2231223b757365725f6e616d657c733a31323a2250616e6b616a204b756d6172223b757365725f747970657c733a31303a226163636f756e74616e74223b666c6173685f6d6573736167657c733a31323a2257656c636f6d65206261636b223b5f5f63695f766172737c613a313a7b733a31333a22666c6173685f6d657373616765223b733a333a226f6c64223b7d),
('vrdbl50rdmb6g4cmg40c7b6bu5m22k1v', '::1', 1626697886, 0x5f5f63695f6c6173745f726567656e65726174657c693a313632363639373838363b6163746976655f7363686f6f6c5f69647c733a313a2231223b757365725f6c6f67696e5f747970657c623a313b737570657261646d696e5f6c6f67696e7c623a313b757365725f69647c733a313a2231223b7363686f6f6c5f69647c733a313a2231223b757365725f6e616d657c733a333a22446679223b757365725f747970657c733a31303a22737570657261646d696e223b666c6173685f6d6573736167657c733a31323a2257656c636f6d65206261636b223b5f5f63695f766172737c613a313a7b733a31333a22666c6173685f6d657373616765223b733a333a226f6c64223b7d),
('f28pfc3ftu82p78e83c33vocrk45qis4', '::1', 1626697952, 0x5f5f63695f6c6173745f726567656e65726174657c693a313632363639373935323b6163746976655f7363686f6f6c5f69647c733a313a2231223b757365725f6c6f67696e5f747970657c623a313b746561636865725f6c6f67696e7c623a313b757365725f69647c733a313a2239223b7363686f6f6c5f69647c733a313a2231223b757365725f6e616d657c733a31333a22537572626869204b756d617269223b757365725f747970657c733a373a2274656163686572223b666c6173685f6d6573736167657c733a31323a2257656c636f6d65206261636b223b5f5f63695f766172737c613a313a7b733a31333a22666c6173685f6d657373616765223b733a333a226f6c64223b7d),
('r0dnlt3uksr2idodi9i18kuncs1plnd5', '::1', 1626699142, 0x5f5f63695f6c6173745f726567656e65726174657c693a313632363639393134323b6163746976655f7363686f6f6c5f69647c733a313a2231223b757365725f6c6f67696e5f747970657c623a313b737570657261646d696e5f6c6f67696e7c623a313b757365725f69647c733a313a2231223b7363686f6f6c5f69647c733a313a2231223b757365725f6e616d657c733a333a22446679223b757365725f747970657c733a31303a22737570657261646d696e223b666c6173685f6d6573736167657c733a31323a2257656c636f6d65206261636b223b5f5f63695f766172737c613a313a7b733a31333a22666c6173685f6d657373616765223b733a333a226f6c64223b7d),
('k2okvf28u8fff28bg5fa01jv7gte40fq', '::1', 1626698470, 0x5f5f63695f6c6173745f726567656e65726174657c693a313632363639383437303b6163746976655f7363686f6f6c5f69647c733a313a2231223b757365725f6c6f67696e5f747970657c623a313b746561636865725f6c6f67696e7c623a313b757365725f69647c733a313a2239223b7363686f6f6c5f69647c733a313a2231223b757365725f6e616d657c733a31333a22537572626869204b756d617269223b757365725f747970657c733a373a2274656163686572223b666c6173685f6d6573736167657c733a31323a2257656c636f6d65206261636b223b5f5f63695f766172737c613a313a7b733a31333a22666c6173685f6d657373616765223b733a333a226f6c64223b7d),
('lu2fqocqk940nqhrs99shmk465e5podf', '::1', 1626698778, 0x5f5f63695f6c6173745f726567656e65726174657c693a313632363639383737383b6163746976655f7363686f6f6c5f69647c733a313a2231223b757365725f6c6f67696e5f747970657c623a313b746561636865725f6c6f67696e7c623a313b757365725f69647c733a313a2239223b7363686f6f6c5f69647c733a313a2231223b757365725f6e616d657c733a31333a22537572626869204b756d617269223b757365725f747970657c733a373a2274656163686572223b666c6173685f6d6573736167657c733a31323a2257656c636f6d65206261636b223b5f5f63695f766172737c613a313a7b733a31333a22666c6173685f6d657373616765223b733a333a226f6c64223b7d),
('m345kdioopuokhn2lgoe5kljebqm8q1m', '::1', 1626699082, 0x5f5f63695f6c6173745f726567656e65726174657c693a313632363639393038323b6163746976655f7363686f6f6c5f69647c733a313a2231223b757365725f6c6f67696e5f747970657c623a313b746561636865725f6c6f67696e7c623a313b757365725f69647c733a313a2239223b7363686f6f6c5f69647c733a313a2231223b757365725f6e616d657c733a31333a22537572626869204b756d617269223b757365725f747970657c733a373a2274656163686572223b666c6173685f6d6573736167657c733a31323a2257656c636f6d65206261636b223b5f5f63695f766172737c613a313a7b733a31333a22666c6173685f6d657373616765223b733a333a226f6c64223b7d),
('ljtc2lf89fve8adsa8acnfjdj3fqrg6e', '::1', 1626699748, 0x5f5f63695f6c6173745f726567656e65726174657c693a313632363639393734383b6163746976655f7363686f6f6c5f69647c733a313a2231223b757365725f6c6f67696e5f747970657c623a313b737570657261646d696e5f6c6f67696e7c623a313b757365725f69647c733a313a2231223b7363686f6f6c5f69647c733a313a2231223b757365725f6e616d657c733a333a22446679223b757365725f747970657c733a31303a22737570657261646d696e223b666c6173685f6d6573736167657c733a31323a2257656c636f6d65206261636b223b5f5f63695f766172737c613a313a7b733a31333a22666c6173685f6d657373616765223b733a333a226f6c64223b7d),
('e0556h9pcjv9n6nbk4sm0v75sg1o3cbi', '::1', 1626699571, 0x5f5f63695f6c6173745f726567656e65726174657c693a313632363639393537313b757365725f6c6f67696e5f747970657c623a313b73747564656e745f6c6f67696e7c623a313b757365725f69647c733a323a223135223b7363686f6f6c5f69647c733a313a2231223b757365725f6e616d657c733a31323a22536175726176204b756d6172223b757365725f747970657c733a373a2273747564656e74223b666c6173685f6d6573736167657c733a31323a2257656c636f6d65206261636b223b5f5f63695f766172737c613a313a7b733a31333a22666c6173685f6d657373616765223b733a333a226f6c64223b7d),
('62ctqngqh83kdegp60rgeca6n8ohjskf', '::1', 1626699888, 0x5f5f63695f6c6173745f726567656e65726174657c693a313632363639393838383b757365725f6c6f67696e5f747970657c623a313b73747564656e745f6c6f67696e7c623a313b757365725f69647c733a323a223135223b7363686f6f6c5f69647c733a313a2231223b757365725f6e616d657c733a31323a22536175726176204b756d6172223b757365725f747970657c733a373a2273747564656e74223b666c6173685f6d6573736167657c733a31323a2257656c636f6d65206261636b223b5f5f63695f766172737c613a313a7b733a31333a22666c6173685f6d657373616765223b733a333a226f6c64223b7d),
('5p41j19om7s2rq5gqgs1cijen8alsf66', '::1', 1626702611, 0x5f5f63695f6c6173745f726567656e65726174657c693a313632363730323631313b6163746976655f7363686f6f6c5f69647c733a313a2231223b757365725f6c6f67696e5f747970657c623a313b737570657261646d696e5f6c6f67696e7c623a313b757365725f69647c733a313a2231223b7363686f6f6c5f69647c733a313a2231223b757365725f6e616d657c733a333a22446679223b757365725f747970657c733a31303a22737570657261646d696e223b666c6173685f6d6573736167657c733a31323a2257656c636f6d65206261636b223b5f5f63695f766172737c613a313a7b733a31333a22666c6173685f6d657373616765223b733a333a226f6c64223b7d),
('sdr1ru3sadfg6rcoabfksga3geuqm9qp', '::1', 1626700560, 0x5f5f63695f6c6173745f726567656e65726174657c693a313632363730303536303b757365725f6c6f67696e5f747970657c623a313b706172656e745f6c6f67696e7c623a313b757365725f69647c733a313a2233223b7363686f6f6c5f69647c733a313a2231223b757365725f6e616d657c733a31313a22526168756c204b756d6172223b757365725f747970657c733a363a22706172656e74223b666c6173685f6d6573736167657c733a31323a2257656c636f6d65206261636b223b5f5f63695f766172737c613a313a7b733a31333a22666c6173685f6d657373616765223b733a333a226f6c64223b7d),
('j1gfq8vgjsmlfrbjgaficjv7fbjpf6el', '::1', 1626701154, 0x5f5f63695f6c6173745f726567656e65726174657c693a313632363730313135343b757365725f6c6f67696e5f747970657c623a313b6163636f756e74616e745f6c6f67696e7c623a313b757365725f69647c733a313a2234223b7363686f6f6c5f69647c733a313a2231223b757365725f6e616d657c733a31323a2250616e6b616a204b756d6172223b757365725f747970657c733a31303a226163636f756e74616e74223b666c6173685f6d6573736167657c733a31323a2257656c636f6d65206261636b223b5f5f63695f766172737c613a313a7b733a31333a22666c6173685f6d657373616765223b733a333a226f6c64223b7d),
('54s3bhl3tii87coq7nc6s3am424ttv6g', '::1', 1626701586, 0x5f5f63695f6c6173745f726567656e65726174657c693a313632363730313538363b757365725f6c6f67696e5f747970657c623a313b6c696272617269616e5f6c6f67696e7c623a313b757365725f69647c733a313a2235223b7363686f6f6c5f69647c733a313a2231223b757365725f6e616d657c733a31313a2253756d6974204b756d6172223b757365725f747970657c733a393a226c696272617269616e223b666c6173685f6d6573736167657c733a31323a2257656c636f6d65206261636b223b5f5f63695f766172737c613a313a7b733a31333a22666c6173685f6d657373616765223b733a333a226f6c64223b7d),
('ah9nptrvrgif0v9bi18e6c2oarpqcqhg', '::1', 1626701891, 0x5f5f63695f6c6173745f726567656e65726174657c693a313632363730313839313b6572726f725f6d6573736167657c733a33303a22496e76616c696420796f757220656d61696c206f722070617373776f7264223b5f5f63695f766172737c613a323a7b733a31333a226572726f725f6d657373616765223b733a333a226f6c64223b733a31333a22666c6173685f6d657373616765223b733a333a226f6c64223b7d757365725f6c6f67696e5f747970657c623a313b61646d696e5f6c6f67696e7c623a313b757365725f69647c733a313a2232223b7363686f6f6c5f69647c733a313a2231223b757365725f6e616d657c733a31343a22416268697368656b204b756d6172223b757365725f747970657c733a353a2261646d696e223b666c6173685f6d6573736167657c733a31323a2257656c636f6d65206261636b223b),
('dkvv96fn5rvu286adean5i83qqq5ufh0', '::1', 1626702216, 0x5f5f63695f6c6173745f726567656e65726174657c693a313632363730323231363b6572726f725f6d6573736167657c733a33303a22496e76616c696420796f757220656d61696c206f722070617373776f7264223b5f5f63695f766172737c613a323a7b733a31333a226572726f725f6d657373616765223b733a333a226f6c64223b733a31333a22666c6173685f6d657373616765223b733a333a226f6c64223b7d757365725f6c6f67696e5f747970657c623a313b61646d696e5f6c6f67696e7c623a313b757365725f69647c733a313a2232223b7363686f6f6c5f69647c733a313a2231223b757365725f6e616d657c733a31343a22416268697368656b204b756d6172223b757365725f747970657c733a353a2261646d696e223b666c6173685f6d6573736167657c733a31323a2257656c636f6d65206261636b223b),
('agm835oea2gmclm75lbau2187ffluast', '::1', 1626702517, 0x5f5f63695f6c6173745f726567656e65726174657c693a313632363730323531373b6572726f725f6d6573736167657c733a33303a22496e76616c696420796f757220656d61696c206f722070617373776f7264223b5f5f63695f766172737c613a323a7b733a31333a226572726f725f6d657373616765223b733a333a226f6c64223b733a31333a22666c6173685f6d657373616765223b733a333a226f6c64223b7d757365725f6c6f67696e5f747970657c623a313b61646d696e5f6c6f67696e7c623a313b757365725f69647c733a313a2232223b7363686f6f6c5f69647c733a313a2231223b757365725f6e616d657c733a31343a22416268697368656b204b756d6172223b757365725f747970657c733a353a2261646d696e223b666c6173685f6d6573736167657c733a31323a2257656c636f6d65206261636b223b),
('daid5h897bkcsuov3vfbscnnf4j6nkoj', '::1', 1626702607, 0x5f5f63695f6c6173745f726567656e65726174657c693a313632363730323630343b),
('rmak4sjf60993p5684grbqsbuhgh7s5j', '::1', 1626702612, 0x5f5f63695f6c6173745f726567656e65726174657c693a313632363730323631313b6163746976655f7363686f6f6c5f69647c733a313a2231223b757365725f6c6f67696e5f747970657c623a313b737570657261646d696e5f6c6f67696e7c623a313b757365725f69647c733a313a2231223b7363686f6f6c5f69647c733a313a2231223b757365725f6e616d657c733a333a22446679223b757365725f747970657c733a31303a22737570657261646d696e223b666c6173685f6d6573736167657c733a31323a2257656c636f6d65206261636b223b5f5f63695f766172737c613a313a7b733a31333a22666c6173685f6d657373616765223b733a333a226f6c64223b7d),
('okk7uru5p2rlqdmqiqpognpqfjhrtmct', '::1', 1626753533, 0x5f5f63695f6c6173745f726567656e65726174657c693a313632363735333533333b6163746976655f7363686f6f6c5f69647c733a313a2231223b757365725f6c6f67696e5f747970657c623a313b737570657261646d696e5f6c6f67696e7c623a313b757365725f69647c733a313a2231223b7363686f6f6c5f69647c733a313a2231223b757365725f6e616d657c733a333a22446679223b757365725f747970657c733a31303a22737570657261646d696e223b666c6173685f6d6573736167657c733a31323a2257656c636f6d65206261636b223b5f5f63695f766172737c613a313a7b733a31333a22666c6173685f6d657373616765223b733a333a226f6c64223b7d),
('lkfqmq6ccbv50nv8khrb70p9m2p4o8et', '::1', 1626753945, 0x5f5f63695f6c6173745f726567656e65726174657c693a313632363735333934353b6163746976655f7363686f6f6c5f69647c733a313a2231223b757365725f6c6f67696e5f747970657c623a313b737570657261646d696e5f6c6f67696e7c623a313b757365725f69647c733a313a2231223b7363686f6f6c5f69647c733a313a2231223b757365725f6e616d657c733a333a22446679223b757365725f747970657c733a31303a22737570657261646d696e223b666c6173685f6d6573736167657c733a31323a2257656c636f6d65206261636b223b5f5f63695f766172737c613a313a7b733a31333a22666c6173685f6d657373616765223b733a333a226f6c64223b7d),
('fkoosbus6m0e2l8tvlul0eu6gl0au80j', '::1', 1626754101, 0x5f5f63695f6c6173745f726567656e65726174657c693a313632363735343130313b6163746976655f7363686f6f6c5f69647c733a313a2231223b757365725f6c6f67696e5f747970657c623a313b706172656e745f6c6f67696e7c623a313b757365725f69647c733a313a2233223b7363686f6f6c5f69647c733a313a2231223b757365725f6e616d657c733a31313a22526168756c204b756d6172223b757365725f747970657c733a363a22706172656e74223b666c6173685f6d6573736167657c733a31323a2257656c636f6d65206261636b223b5f5f63695f766172737c613a313a7b733a31333a22666c6173685f6d657373616765223b733a333a226f6c64223b7d),
('5ca0m2112ob781l2opeih1ankh5ih5ad', '::1', 1626754263, 0x5f5f63695f6c6173745f726567656e65726174657c693a313632363735343236333b6163746976655f7363686f6f6c5f69647c733a313a2231223b757365725f6c6f67696e5f747970657c623a313b737570657261646d696e5f6c6f67696e7c623a313b757365725f69647c733a313a2231223b7363686f6f6c5f69647c733a313a2231223b757365725f6e616d657c733a333a22446679223b757365725f747970657c733a31303a22737570657261646d696e223b666c6173685f6d6573736167657c733a31323a2257656c636f6d65206261636b223b5f5f63695f766172737c613a313a7b733a31333a22666c6173685f6d657373616765223b733a333a226f6c64223b7d);
INSERT INTO `ci_sessions` (`id`, `ip_address`, `timestamp`, `data`) VALUES
('lphgk7faifh1lhi3e8554cjqupm5smsg', '::1', 1626754564, 0x5f5f63695f6c6173745f726567656e65726174657c693a313632363735343536343b6163746976655f7363686f6f6c5f69647c733a313a2231223b757365725f6c6f67696e5f747970657c623a313b706172656e745f6c6f67696e7c623a313b757365725f69647c733a313a2233223b7363686f6f6c5f69647c733a313a2231223b757365725f6e616d657c733a31313a22526168756c204b756d6172223b757365725f747970657c733a363a22706172656e74223b666c6173685f6d6573736167657c733a31323a2257656c636f6d65206261636b223b5f5f63695f766172737c613a313a7b733a31333a22666c6173685f6d657373616765223b733a333a226f6c64223b7d),
('dsv6u68ordnjnvaue2i8tvspmfg2fjun', '::1', 1626754592, 0x5f5f63695f6c6173745f726567656e65726174657c693a313632363735343539323b6163746976655f7363686f6f6c5f69647c733a313a2231223b757365725f6c6f67696e5f747970657c623a313b737570657261646d696e5f6c6f67696e7c623a313b757365725f69647c733a313a2231223b7363686f6f6c5f69647c733a313a2231223b757365725f6e616d657c733a333a22446679223b757365725f747970657c733a31303a22737570657261646d696e223b666c6173685f6d6573736167657c733a31323a2257656c636f6d65206261636b223b5f5f63695f766172737c613a313a7b733a31333a22666c6173685f6d657373616765223b733a333a226f6c64223b7d),
('58isv5i3tttl1o2v4k129ti92s46rb91', '::1', 1626755149, 0x5f5f63695f6c6173745f726567656e65726174657c693a313632363735353134393b6163746976655f7363686f6f6c5f69647c733a313a2231223b757365725f6c6f67696e5f747970657c623a313b706172656e745f6c6f67696e7c623a313b757365725f69647c733a313a2233223b7363686f6f6c5f69647c733a313a2231223b757365725f6e616d657c733a31313a22526168756c204b756d6172223b757365725f747970657c733a363a22706172656e74223b666c6173685f6d6573736167657c733a31323a2257656c636f6d65206261636b223b5f5f63695f766172737c613a313a7b733a31333a22666c6173685f6d657373616765223b733a333a226f6c64223b7d),
('gomt4k7g90in5rfceuqkl0s4segs9med', '::1', 1626755142, 0x5f5f63695f6c6173745f726567656e65726174657c693a313632363735353134323b6163746976655f7363686f6f6c5f69647c733a313a2231223b757365725f6c6f67696e5f747970657c623a313b737570657261646d696e5f6c6f67696e7c623a313b757365725f69647c733a313a2231223b7363686f6f6c5f69647c733a313a2231223b757365725f6e616d657c733a333a22446679223b757365725f747970657c733a31303a22737570657261646d696e223b666c6173685f6d6573736167657c733a31323a2257656c636f6d65206261636b223b5f5f63695f766172737c613a313a7b733a31333a22666c6173685f6d657373616765223b733a333a226f6c64223b7d),
('dnif7smgqupfhlumd7n7i1u1hrn2q5f1', '::1', 1626756227, 0x5f5f63695f6c6173745f726567656e65726174657c693a313632363735363232373b6163746976655f7363686f6f6c5f69647c733a313a2231223b757365725f6c6f67696e5f747970657c623a313b737570657261646d696e5f6c6f67696e7c623a313b757365725f69647c733a313a2231223b7363686f6f6c5f69647c733a313a2231223b757365725f6e616d657c733a333a22446679223b757365725f747970657c733a31303a22737570657261646d696e223b666c6173685f6d6573736167657c733a31323a2257656c636f6d65206261636b223b5f5f63695f766172737c613a313a7b733a31333a22666c6173685f6d657373616765223b733a333a226f6c64223b7d),
('l1t56s27nn9hnf9jnik7i9fc7g17bu3s', '::1', 1626756384, 0x5f5f63695f6c6173745f726567656e65726174657c693a313632363735363338343b6163746976655f7363686f6f6c5f69647c733a313a2231223b757365725f6c6f67696e5f747970657c623a313b706172656e745f6c6f67696e7c623a313b757365725f69647c733a313a2233223b7363686f6f6c5f69647c733a313a2231223b757365725f6e616d657c733a31313a22526168756c204b756d6172223b757365725f747970657c733a363a22706172656e74223b666c6173685f6d6573736167657c733a31323a2257656c636f6d65206261636b223b5f5f63695f766172737c613a313a7b733a31333a22666c6173685f6d657373616765223b733a333a226f6c64223b7d),
('fl8lon3mbun08lnfrfar9v8keo6aortg', '::1', 1626756553, 0x5f5f63695f6c6173745f726567656e65726174657c693a313632363735363535333b6163746976655f7363686f6f6c5f69647c733a313a2231223b757365725f6c6f67696e5f747970657c623a313b737570657261646d696e5f6c6f67696e7c623a313b757365725f69647c733a313a2231223b7363686f6f6c5f69647c733a313a2231223b757365725f6e616d657c733a333a22446679223b757365725f747970657c733a31303a22737570657261646d696e223b666c6173685f6d6573736167657c733a31323a2257656c636f6d65206261636b223b5f5f63695f766172737c613a313a7b733a31333a22666c6173685f6d657373616765223b733a333a226f6c64223b7d),
('chjvb6hmrsh2t503id9dc1go1en8d8ca', '::1', 1626756855, 0x5f5f63695f6c6173745f726567656e65726174657c693a313632363735363835353b757365725f6c6f67696e5f747970657c623a313b73747564656e745f6c6f67696e7c623a313b757365725f69647c733a313a2237223b7363686f6f6c5f69647c733a313a2231223b757365725f6e616d657c733a31313a224e656861204b756d617269223b757365725f747970657c733a373a2273747564656e74223b666c6173685f6d6573736167657c733a31323a2257656c636f6d65206261636b223b5f5f63695f766172737c613a313a7b733a31333a22666c6173685f6d657373616765223b733a333a226f6c64223b7d6163746976655f7363686f6f6c5f69647c733a313a2231223b),
('cah5msa5o1k6kmtv1mufh3o15ipopbqs', '::1', 1626757137, 0x5f5f63695f6c6173745f726567656e65726174657c693a313632363735373133373b6163746976655f7363686f6f6c5f69647c733a313a2231223b757365725f6c6f67696e5f747970657c623a313b737570657261646d696e5f6c6f67696e7c623a313b757365725f69647c733a313a2231223b7363686f6f6c5f69647c733a313a2231223b757365725f6e616d657c733a333a22446679223b757365725f747970657c733a31303a22737570657261646d696e223b666c6173685f6d6573736167657c733a31323a2257656c636f6d65206261636b223b5f5f63695f766172737c613a313a7b733a31333a22666c6173685f6d657373616765223b733a333a226f6c64223b7d),
('brk8ao9encb5n8j1psq9oko8n415hidt', '::1', 1626757158, 0x5f5f63695f6c6173745f726567656e65726174657c693a313632363735373135383b757365725f6c6f67696e5f747970657c623a313b73747564656e745f6c6f67696e7c623a313b757365725f69647c733a313a2237223b7363686f6f6c5f69647c733a313a2231223b757365725f6e616d657c733a31313a224e656861204b756d617269223b757365725f747970657c733a373a2273747564656e74223b666c6173685f6d6573736167657c733a31323a2257656c636f6d65206261636b223b5f5f63695f766172737c613a313a7b733a31333a22666c6173685f6d657373616765223b733a333a226f6c64223b7d6163746976655f7363686f6f6c5f69647c733a313a2231223b),
('2vdea38cnl36u516oh2rp1aabvd2q18c', '::1', 1626757213, 0x5f5f63695f6c6173745f726567656e65726174657c693a313632363735373133373b6163746976655f7363686f6f6c5f69647c733a313a2231223b757365725f6c6f67696e5f747970657c623a313b737570657261646d696e5f6c6f67696e7c623a313b757365725f69647c733a313a2231223b7363686f6f6c5f69647c733a313a2231223b757365725f6e616d657c733a333a22446679223b757365725f747970657c733a31303a22737570657261646d696e223b666c6173685f6d6573736167657c733a31323a2257656c636f6d65206261636b223b5f5f63695f766172737c613a313a7b733a31333a22666c6173685f6d657373616765223b733a333a226f6c64223b7d),
('o5dfkbkgaagn16gi723qdmljnhjfujom', '::1', 1626757170, 0x5f5f63695f6c6173745f726567656e65726174657c693a313632363735373135383b757365725f6c6f67696e5f747970657c623a313b73747564656e745f6c6f67696e7c623a313b757365725f69647c733a313a2237223b7363686f6f6c5f69647c733a313a2231223b757365725f6e616d657c733a31313a224e656861204b756d617269223b757365725f747970657c733a373a2273747564656e74223b666c6173685f6d6573736167657c733a31323a2257656c636f6d65206261636b223b5f5f63695f766172737c613a313a7b733a31333a22666c6173685f6d657373616765223b733a333a226f6c64223b7d6163746976655f7363686f6f6c5f69647c733a313a2231223b);

-- --------------------------------------------------------

--
-- Table structure for table `classes`
--

CREATE TABLE `classes` (
  `id` int(11) UNSIGNED NOT NULL,
  `name` varchar(255) COLLATE utf8_unicode_ci DEFAULT NULL,
  `school_id` int(11) DEFAULT NULL
) ENGINE=InnoDB DEFAULT CHARSET=utf8 COLLATE=utf8_unicode_ci;

--
-- Dumping data for table `classes`
--

INSERT INTO `classes` (`id`, `name`, `school_id`) VALUES
(1, 'One', 1),
(2, 'Two', 1);

-- --------------------------------------------------------

--
-- Table structure for table `class_rooms`
--

CREATE TABLE `class_rooms` (
  `id` int(11) UNSIGNED NOT NULL,
  `name` varchar(255) COLLATE utf8_unicode_ci DEFAULT NULL,
  `school_id` int(11) DEFAULT NULL
) ENGINE=InnoDB DEFAULT CHARSET=utf8 COLLATE=utf8_unicode_ci;

--
-- Dumping data for table `class_rooms`
--

INSERT INTO `class_rooms` (`id`, `name`, `school_id`) VALUES
(1, 'One A', 1);

-- --------------------------------------------------------

--
-- Table structure for table `common_settings`
--

CREATE TABLE `common_settings` (
  `id` int(11) NOT NULL,
  `type` varchar(255) COLLATE utf8_unicode_ci DEFAULT NULL,
  `description` longtext COLLATE utf8_unicode_ci DEFAULT NULL
) ENGINE=InnoDB DEFAULT CHARSET=utf8 COLLATE=utf8_unicode_ci;

--
-- Dumping data for table `common_settings`
--

INSERT INTO `common_settings` (`id`, `type`, `description`) VALUES
(1, 'recaptcha_status', '0'),
(2, 'recaptcha_sitekey', 'enter-your-recaptcha-sitekey'),
(3, 'recaptcha_secretkey', 'enter-your-recaptcha-secretkey');

-- --------------------------------------------------------

--
-- Table structure for table `currencies`
--

CREATE TABLE `currencies` (
  `id` int(11) NOT NULL,
  `name` varchar(255) DEFAULT NULL,
  `code` varchar(255) DEFAULT NULL,
  `symbol` varchar(255) DEFAULT NULL,
  `paypal_supported` int(11) DEFAULT NULL,
  `stripe_supported` int(11) DEFAULT NULL,
  `paystack_supported` int(11) DEFAULT 0,
  `payumoney_supported` int(11) NOT NULL DEFAULT 0
) ENGINE=InnoDB DEFAULT CHARSET=utf8 ROW_FORMAT=COMPACT;

--
-- Dumping data for table `currencies`
--

INSERT INTO `currencies` (`id`, `name`, `code`, `symbol`, `paypal_supported`, `stripe_supported`, `paystack_supported`, `payumoney_supported`) VALUES
(1, 'Leke', 'ALL', 'Lek', 0, 1, 0, 1),
(2, 'Dollars', 'USD', '$', 1, 1, 0, 1),
(3, 'Afghanis', 'AFN', '', 0, 1, 0, 1),
(4, 'Pesos', 'ARS', '$', 0, 1, 0, 1),
(5, 'Guilders', 'AWG', '', 0, 1, 0, 1),
(6, 'Dollars', 'AUD', '$', 1, 1, 0, 1),
(7, 'New Manats', 'AZN', '', 0, 1, 0, 1),
(8, 'Dollars', 'BSD', '$', 0, 1, 0, 1),
(9, 'Dollars', 'BBD', '$', 0, 1, 0, 1),
(10, 'Rubles', 'BYR', 'p.', 0, 0, 0, 1),
(11, 'Euro', 'EUR', '', 1, 1, 0, 1),
(12, 'Dollars', 'BZD', 'BZ$', 0, 1, 0, 1),
(13, 'Dollars', 'BMD', '$', 0, 1, 0, 1),
(14, 'Bolivianos', 'BOB', '$b', 0, 1, 0, 1),
(15, 'Convertible Marka', 'BAM', 'KM', 0, 1, 0, 1),
(16, 'Pula', 'BWP', 'P', 0, 1, 0, 1),
(17, 'Leva', 'BGN', '', 0, 1, 0, 1),
(18, 'Reais', 'BRL', 'R$', 1, 1, 0, 1),
(19, 'Pounds', 'GBP', '', 1, 1, 0, 1),
(20, 'Dollars', 'BND', '$', 0, 1, 0, 1),
(21, 'Riels', 'KHR', '', 0, 1, 0, 1),
(22, 'Dollars', 'CAD', '$', 1, 1, 0, 1),
(23, 'Dollars', 'KYD', '$', 0, 1, 0, 1),
(24, 'Pesos', 'CLP', '$', 0, 1, 0, 1),
(25, 'Yuan Renminbi', 'CNY', '', 0, 1, 0, 1),
(26, 'Pesos', 'COP', '$', 0, 1, 0, 1),
(27, 'Coln', 'CRC', '', 0, 1, 0, 1),
(28, 'Kuna', 'HRK', 'kn', 0, 1, 0, 1),
(29, 'Pesos', 'CUP', '', 0, 0, 0, 1),
(30, 'Koruny', 'CZK', 'K', 1, 1, 0, 1),
(31, 'Kroner', 'DKK', 'kr', 1, 1, 0, 1),
(32, 'Pesos', 'DOP ', 'RD$', 0, 1, 0, 1),
(33, 'Dollars', 'XCD', '$', 0, 1, 0, 1),
(34, 'Pounds', 'EGP', '', 0, 1, 0, 1),
(35, 'Colones', 'SVC', '$', 0, 0, 0, 1),
(36, 'Pounds', 'FKP', '', 0, 1, 0, 1),
(37, 'Dollars', 'FJD', '$', 0, 1, 0, 1),
(38, 'Cedis', 'GHC', '', 0, 0, 0, 1),
(39, 'Pounds', 'GIP', '', 0, 1, 0, 1),
(40, 'Quetzales', 'GTQ', 'Q', 0, 1, 0, 1),
(41, 'Pounds', 'GGP', '', 0, 0, 0, 1),
(42, 'Dollars', 'GYD', '$', 0, 1, 0, 1),
(43, 'Lempiras', 'HNL', 'L', 0, 1, 0, 1),
(44, 'Dollars', 'HKD', '$', 1, 1, 0, 1),
(45, 'Forint', 'HUF', 'Ft', 1, 1, 0, 1),
(46, 'Kronur', 'ISK', 'kr', 0, 1, 0, 1),
(47, 'Rupees', 'INR', 'Rs', 1, 1, 0, 1),
(48, 'Rupiahs', 'IDR', 'Rp', 0, 1, 0, 1),
(49, 'Rials', 'IRR', '', 0, 0, 0, 1),
(50, 'Pounds', 'IMP', '', 0, 0, 0, 1),
(51, 'New Shekels', 'ILS', '', 1, 1, 0, 1),
(52, 'Dollars', 'JMD', 'J$', 0, 1, 0, 1),
(53, 'Yen', 'JPY', '', 1, 1, 0, 1),
(54, 'Pounds', 'JEP', '', 0, 0, 0, 1),
(55, 'Tenge', 'KZT', '', 0, 1, 0, 1),
(56, 'Won', 'KPW', '', 0, 0, 0, 1),
(57, 'Won', 'KRW', '', 0, 1, 0, 1),
(58, 'Soms', 'KGS', '', 0, 1, 0, 1),
(59, 'Kips', 'LAK', '', 0, 1, 0, 1),
(60, 'Lati', 'LVL', 'Ls', 0, 0, 0, 1),
(61, 'Pounds', 'LBP', '', 0, 1, 0, 1),
(62, 'Dollars', 'LRD', '$', 0, 1, 0, 1),
(63, 'Switzerland Francs', 'CHF', 'CHF', 1, 1, 0, 1),
(64, 'Litai', 'LTL', 'Lt', 0, 0, 0, 1),
(65, 'Denars', 'MKD', '', 0, 1, 0, 1),
(66, 'Ringgits', 'MYR', 'RM', 1, 1, 0, 1),
(67, 'Rupees', 'MUR', '', 0, 1, 0, 1),
(68, 'Pesos', 'MXN', '$', 1, 1, 0, 1),
(69, 'Tugriks', 'MNT', '', 0, 1, 0, 1),
(70, 'Meticais', 'MZN', 'MT', 0, 1, 0, 1),
(71, 'Dollars', 'NAD', '$', 0, 1, 0, 1),
(72, 'Rupees', 'NPR', '', 0, 1, 0, 1),
(73, 'Guilders', 'ANG', '', 0, 1, 0, 1),
(74, 'Dollars', 'NZD', '$', 1, 1, 0, 1),
(75, 'Cordobas', 'NIO', 'C$', 0, 1, 0, 1),
(76, 'Nairas', 'NGN', '', 0, 1, 1, 1),
(77, 'Krone', 'NOK', 'kr', 1, 1, 0, 1),
(78, 'Rials', 'OMR', '', 0, 0, 0, 1),
(79, 'Rupees', 'PKR', '', 0, 1, 0, 1),
(80, 'Balboa', 'PAB', 'B/.', 0, 1, 0, 1),
(81, 'Guarani', 'PYG', 'Gs', 0, 1, 0, 1),
(82, 'Nuevos Soles', 'PEN', 'S/.', 0, 1, 0, 1),
(83, 'Pesos', 'PHP', 'Php', 1, 1, 0, 1),
(84, 'Zlotych', 'PLN', 'z', 1, 1, 0, 1),
(85, 'Rials', 'QAR', '', 0, 1, 0, 1),
(86, 'New Lei', 'RON', 'lei', 0, 1, 0, 1),
(87, 'Rubles', 'RUB', '', 1, 1, 0, 1),
(88, 'Pounds', 'SHP', '', 0, 1, 0, 1),
(89, 'Riyals', 'SAR', '', 0, 1, 0, 1),
(90, 'Dinars', 'RSD', '.', 0, 1, 0, 1),
(91, 'Rupees', 'SCR', '', 0, 1, 0, 1),
(92, 'Dollars', 'SGD', '$', 1, 1, 0, 1),
(93, 'Dollars', 'SBD', '$', 0, 1, 0, 1),
(94, 'Shillings', 'SOS', 'S', 0, 1, 0, 1),
(95, 'Rand', 'ZAR', 'R', 0, 1, 0, 1),
(96, 'Rupees', 'LKR', '', 0, 1, 0, 1),
(97, 'Kronor', 'SEK', 'kr', 1, 1, 0, 1),
(98, 'Dollars', 'SRD', '$', 0, 1, 0, 1),
(99, 'Pounds', 'SYP', '', 0, 0, 0, 1),
(100, 'New Dollars', 'TWD', 'NT$', 1, 1, 0, 1),
(101, 'Baht', 'THB', '', 1, 1, 0, 1),
(102, 'Dollars', 'TTD', 'TT$', 0, 1, 0, 1),
(103, 'Lira', 'TRY', 'TL', 0, 1, 0, 1),
(104, 'Liras', 'TRL', '', 0, 0, 0, 1),
(105, 'Dollars', 'TVD', '$', 0, 0, 0, 1),
(106, 'Hryvnia', 'UAH', '', 0, 1, 0, 1),
(107, 'Pesos', 'UYU', '$U', 0, 1, 0, 1),
(108, 'Sums', 'UZS', '', 0, 1, 0, 1),
(109, 'Bolivares Fuertes', 'VEF', 'Bs', 0, 0, 0, 1),
(110, 'Dong', 'VND', '', 0, 1, 0, 1),
(111, 'Rials', 'YER', '', 0, 1, 0, 1),
(112, 'Zimbabwe Dollars', 'ZWD', 'Z$', 0, 0, 0, 1);

-- --------------------------------------------------------

--
-- Table structure for table `daily_attendances`
--

CREATE TABLE `daily_attendances` (
  `id` int(11) NOT NULL,
  `timestamp` varchar(255) COLLATE utf8_unicode_ci DEFAULT NULL,
  `class_id` int(11) DEFAULT NULL,
  `section_id` int(11) DEFAULT NULL,
  `student_id` int(11) DEFAULT NULL,
  `status` int(11) DEFAULT NULL,
  `session_id` varchar(255) COLLATE utf8_unicode_ci DEFAULT NULL,
  `school_id` int(11) NOT NULL
) ENGINE=InnoDB DEFAULT CHARSET=utf8 COLLATE=utf8_unicode_ci;

--
-- Dumping data for table `daily_attendances`
--

INSERT INTO `daily_attendances` (`id`, `timestamp`, `class_id`, `section_id`, `student_id`, `status`, `session_id`, `school_id`) VALUES
(1, '1626633000', 1, 1, 1, 1, '1', 1),
(2, '1626633000', 1, 1, 2, 1, '1', 1),
(3, '1626633000', 2, 2, 1, 1, '1', 1),
(4, '1626633000', 2, 2, 3, 1, '1', 1),
(5, '1626633000', 2, 2, 7, 0, '1', 1);

-- --------------------------------------------------------

--
-- Table structure for table `departments`
--

CREATE TABLE `departments` (
  `id` int(11) UNSIGNED NOT NULL,
  `name` varchar(255) COLLATE utf8_unicode_ci DEFAULT NULL,
  `school_id` int(11) NOT NULL
) ENGINE=InnoDB DEFAULT CHARSET=utf8 COLLATE=utf8_unicode_ci;

--
-- Dumping data for table `departments`
--

INSERT INTO `departments` (`id`, `name`, `school_id`) VALUES
(1, 'Mathematics', 1),
(2, 'English', 1),
(3, 'Science', 1);

-- --------------------------------------------------------

--
-- Table structure for table `enrols`
--

CREATE TABLE `enrols` (
  `id` int(11) UNSIGNED NOT NULL,
  `student_id` int(11) DEFAULT NULL,
  `class_id` int(11) DEFAULT NULL,
  `section_id` int(11) DEFAULT NULL,
  `school_id` int(11) DEFAULT NULL,
  `session` varchar(255) COLLATE utf8_unicode_ci DEFAULT NULL
) ENGINE=InnoDB DEFAULT CHARSET=utf8 COLLATE=utf8_unicode_ci ROW_FORMAT=COMPACT;

--
-- Dumping data for table `enrols`
--

INSERT INTO `enrols` (`id`, `student_id`, `class_id`, `section_id`, `school_id`, `session`) VALUES
(1, 1, 2, 2, 1, '1'),
(2, 2, 1, 1, 1, '1'),
(3, 3, 2, 2, 1, '1'),
(4, 4, 2, 2, 1, '2'),
(5, 5, 1, 1, 1, '2'),
(6, 6, 1, 1, 1, '2'),
(7, 7, 2, 2, 1, '1');

-- --------------------------------------------------------

--
-- Table structure for table `event_calendars`
--

CREATE TABLE `event_calendars` (
  `id` int(11) NOT NULL,
  `title` longtext COLLATE utf8_unicode_ci DEFAULT NULL,
  `starting_date` varchar(255) COLLATE utf8_unicode_ci DEFAULT NULL,
  `ending_date` varchar(255) COLLATE utf8_unicode_ci DEFAULT NULL,
  `school_id` int(10) DEFAULT NULL,
  `session` int(10) DEFAULT NULL
) ENGINE=InnoDB DEFAULT CHARSET=utf8 COLLATE=utf8_unicode_ci;

--
-- Dumping data for table `event_calendars`
--

INSERT INTO `event_calendars` (`id`, `title`, `starting_date`, `ending_date`, `school_id`, `session`) VALUES
(1, 'Test', '07/21/2021 00:00:1', '07/22/2021 23:59:59', 1, 1);

-- --------------------------------------------------------

--
-- Table structure for table `exams`
--

CREATE TABLE `exams` (
  `id` int(11) UNSIGNED NOT NULL,
  `name` varchar(255) COLLATE utf8_unicode_ci DEFAULT NULL,
  `starting_date` varchar(255) COLLATE utf8_unicode_ci DEFAULT NULL,
  `ending_date` varchar(255) COLLATE utf8_unicode_ci DEFAULT NULL,
  `school_id` int(11) DEFAULT NULL,
  `session` varchar(255) COLLATE utf8_unicode_ci DEFAULT NULL
) ENGINE=InnoDB DEFAULT CHARSET=utf8 COLLATE=utf8_unicode_ci;

--
-- Dumping data for table `exams`
--

INSERT INTO `exams` (`id`, `name`, `starting_date`, `ending_date`, `school_id`, `session`) VALUES
(1, 'First Terminal', '1626978600', '1627324200', 1, '1');

-- --------------------------------------------------------

--
-- Table structure for table `expenses`
--

CREATE TABLE `expenses` (
  `id` int(11) UNSIGNED NOT NULL,
  `expense_category_id` int(11) DEFAULT NULL,
  `date` int(11) DEFAULT NULL,
  `amount` varchar(255) COLLATE utf8_unicode_ci DEFAULT NULL,
  `school_id` int(11) DEFAULT NULL,
  `session` varchar(255) COLLATE utf8_unicode_ci DEFAULT '',
  `created_at` int(11) DEFAULT NULL,
  `updated_at` int(11) DEFAULT NULL
) ENGINE=InnoDB DEFAULT CHARSET=utf8 COLLATE=utf8_unicode_ci;

--
-- Dumping data for table `expenses`
--

INSERT INTO `expenses` (`id`, `expense_category_id`, `date`, `amount`, `school_id`, `session`, `created_at`, `updated_at`) VALUES
(1, 1, 1626633000, '1500', 1, '1', 1626633000, NULL),
(2, 2, 1626633000, '2500', 1, '2', 1626633000, NULL);

-- --------------------------------------------------------

--
-- Table structure for table `expense_categories`
--

CREATE TABLE `expense_categories` (
  `id` int(11) UNSIGNED NOT NULL,
  `name` varchar(255) COLLATE utf8_unicode_ci DEFAULT NULL,
  `school_id` int(11) DEFAULT NULL,
  `session` varchar(255) COLLATE utf8_unicode_ci DEFAULT NULL
) ENGINE=InnoDB DEFAULT CHARSET=utf8 COLLATE=utf8_unicode_ci;

--
-- Dumping data for table `expense_categories`
--

INSERT INTO `expense_categories` (`id`, `name`, `school_id`, `session`) VALUES
(1, 'Electricty Bill', 1, '1'),
(2, 'Electricty Bill', 1, '2');

-- --------------------------------------------------------

--
-- Table structure for table `frontend_events`
--

CREATE TABLE `frontend_events` (
  `frontend_events_id` int(11) NOT NULL,
  `title` text COLLATE utf8_unicode_ci DEFAULT NULL,
  `timestamp` int(11) NOT NULL,
  `status` int(11) NOT NULL DEFAULT 0 COMMENT '0-inactive, 1-active',
  `school_id` int(11) NOT NULL,
  `created_by` int(11) NOT NULL
) ENGINE=InnoDB DEFAULT CHARSET=utf8 COLLATE=utf8_unicode_ci;

-- --------------------------------------------------------

--
-- Table structure for table `frontend_gallery`
--

CREATE TABLE `frontend_gallery` (
  `frontend_gallery_id` int(11) NOT NULL,
  `title` text COLLATE utf8_unicode_ci DEFAULT NULL,
  `description` longtext COLLATE utf8_unicode_ci DEFAULT NULL,
  `date_added` int(11) DEFAULT NULL,
  `image` text COLLATE utf8_unicode_ci DEFAULT NULL,
  `show_on_website` int(11) NOT NULL DEFAULT 0 COMMENT '0-no 1-yes',
  `school_id` int(11) DEFAULT NULL
) ENGINE=InnoDB DEFAULT CHARSET=utf8 COLLATE=utf8_unicode_ci;

-- --------------------------------------------------------

--
-- Table structure for table `frontend_gallery_image`
--

CREATE TABLE `frontend_gallery_image` (
  `frontend_gallery_image_id` int(11) NOT NULL,
  `frontend_gallery_id` int(11) DEFAULT NULL,
  `title` text COLLATE utf8_unicode_ci DEFAULT NULL,
  `image` text COLLATE utf8_unicode_ci DEFAULT NULL
) ENGINE=InnoDB DEFAULT CHARSET=utf8 COLLATE=utf8_unicode_ci;

-- --------------------------------------------------------

--
-- Table structure for table `frontend_settings`
--

CREATE TABLE `frontend_settings` (
  `id` int(11) NOT NULL,
  `about_us` longtext COLLATE utf8_unicode_ci DEFAULT NULL,
  `terms_conditions` longtext COLLATE utf8_unicode_ci DEFAULT NULL,
  `privacy_policy` longtext COLLATE utf8_unicode_ci DEFAULT NULL,
  `social_links` longtext COLLATE utf8_unicode_ci DEFAULT NULL,
  `copyright_text` longtext COLLATE utf8_unicode_ci DEFAULT NULL,
  `about_us_image` longtext COLLATE utf8_unicode_ci DEFAULT NULL,
  `slider_images` longtext COLLATE utf8_unicode_ci DEFAULT NULL,
  `theme` longtext COLLATE utf8_unicode_ci DEFAULT NULL,
  `homepage_note_title` longtext COLLATE utf8_unicode_ci DEFAULT NULL,
  `homepage_note_description` longtext COLLATE utf8_unicode_ci DEFAULT NULL,
  `website_title` varchar(255) COLLATE utf8_unicode_ci DEFAULT NULL
) ENGINE=InnoDB DEFAULT CHARSET=utf8 COLLATE=utf8_unicode_ci;

--
-- Dumping data for table `frontend_settings`
--

INSERT INTO `frontend_settings` (`id`, `about_us`, `terms_conditions`, `privacy_policy`, `social_links`, `copyright_text`, `about_us_image`, `slider_images`, `theme`, `homepage_note_title`, `homepage_note_description`, `website_title`) VALUES
(1, '&lt;h1&gt;About Our Schools&lt;/h1&gt;It is a long established fact that a reader will be distracted by the readable content of a page when looking at its layout. The point of using Lorem Ipsum is that it has a more-or-less normal distribution of letters, as opposed to using &#039;Content here, content here&#039;, making it look like readable English.&amp;nbsp;&lt;span&gt;It is a long established fact that a reader will be distracted by the readable content of a page when looking at its layout. The point of using Lorem Ipsum is that it has a more-or-less normal distribution of letters, as opposed to using &#039;Content here, content here&#039;, making it look like readable English.&lt;br&gt;&lt;/span&gt;&lt;h3&gt;Our school historys&lt;/h3&gt;&lt;span&gt;Contrary to popular belief, Lorem Ipsum is not simply random text. It has roots in a piece of classical Latin literature from 45 BC, making it over 2000 years old. Richard McClintock, a Latin professor at Hampden-Sydney College in Virginia, looked up one of the more obscure Latin words, consectetur, from a Lorem Ipsum passage, and going through the cites of the word in classical literature, discovered the undoubtable source.&lt;br&gt;&lt;/span&gt;&lt;h3&gt;Something interesting about our schools&lt;/h3&gt;&lt;span&gt;There are many variations of passages of Lorem Ipsum available, but the majority have suffered alteration in some form, by injected humour, or randomised words which don&#039;t look even slightly believable. If you are going to use a passage&lt;br&gt;&lt;/span&gt;&lt;br&gt;&lt;ul&gt;&lt;li&gt;making this the first true generator&lt;/li&gt;&lt;li&gt;to generate Lorem Ipsum which&lt;/li&gt;&lt;li&gt;but the majority have suffered alteratio&lt;/li&gt;&lt;li&gt;is that it has a more-or-less&lt;/li&gt;&lt;/ul&gt;All the Lorem Ipsum generators on the Internet tend to repeat predefined chunks as necessary, making this the first true generator on the Internet.&lt;br&gt;&lt;br&gt;&lt;br&gt;', '&lt;h1&gt;Terms of our school&lt;/h1&gt;It is a long established fact that a reader will be distracted by the readable content of a page when looking at its layout. The point of using Lorem Ipsum is that it has a more-or-less normal distribution of letters, as opposed to using &#039;Content here, content here&#039;, making it look like readable English.&amp;nbsp;&lt;span&gt;It is a long established fact that a reader will be distracted by the readable content of a page when looking at its layout. The point of using Lorem Ipsum is that it has a more-or-less normal distribution of letters, as opposed to using &#039;Content here, content here&#039;, making it look like readable English.&lt;br&gt;&lt;/span&gt;&lt;h3&gt;Our school history&lt;/h3&gt;&lt;span&gt;Contrary to popular belief, Lorem Ipsum is not simply random text. It has roots in a piece of classical Latin literature from 45 BC, making it over 2000 years old. Richard McClintock, a Latin professor at Hampden-Sydney College in Virginia, looked up one of the more obscure Latin words, consectetur, from a Lorem Ipsum passage, and going through the cites of the word in classical literature, discovered the undoubtable source.&lt;br&gt;&lt;/span&gt;&lt;h3&gt;Something interesting about our school&lt;/h3&gt;&lt;span&gt;There are many variations of passages of Lorem Ipsum available, but the majority have suffered alteration in some form, by injected humour, or randomised words which don&#039;t look even slightly believable. If you are going to use a passage&lt;br&gt;&lt;/span&gt;&lt;br&gt;&lt;ul&gt;&lt;li&gt;making this the first true generator&lt;/li&gt;&lt;li&gt;to generate Lorem Ipsum which&lt;/li&gt;&lt;li&gt;but the majority have suffered alteratio&lt;/li&gt;&lt;li&gt;is that it has a more-or-less&lt;/li&gt;&lt;/ul&gt;All the Lorem Ipsum generators on the Internet tend to repeat predefined chunks as necessary, making this the first true generator on the Internet.&lt;br&gt;&lt;br&gt;&lt;br&gt;', '&lt;h1&gt;Privacy policy of our school&lt;/h1&gt;It is a long established fact that a reader will be distracted by the readable content of a page when looking at its layout. The point of using Lorem Ipsum is that it has a more-or-less normal distribution of letters, as opposed to using &#039;Content here, content here&#039;, making it look like readable English.&amp;nbsp;&lt;span&gt;It is a long established fact that a reader will be distracted by the readable content of a page when looking at its layout. The point of using Lorem Ipsum is that it has a more-or-less normal distribution of letters, as opposed to using &#039;Content here, content here&#039;, making it look like readable English.&lt;br&gt;&lt;/span&gt;&lt;h3&gt;Our school history&lt;/h3&gt;&lt;span&gt;Contrary to popular belief, Lorem Ipsum is not simply random text. It has roots in a piece of classical Latin literature from 45 BC, making it over 2000 years old. Richard McClintock, a Latin professor at Hampden-Sydney College in Virginia, looked up one of the more obscure Latin words, consectetur, from a Lorem Ipsum passage, and going through the cites of the word in classical literature, discovered the undoubtable source.&lt;br&gt;&lt;/span&gt;&lt;h3&gt;Something interesting about our school&lt;/h3&gt;&lt;span&gt;There are many variations of passages of Lorem Ipsum available, but the majority have suffered alteration in some form, by injected humour, or randomised words which don&#039;t look even slightly believable. If you are going to use a passage&lt;br&gt;&lt;/span&gt;&lt;br&gt;&lt;ul&gt;&lt;li&gt;making this the first true generator&lt;/li&gt;&lt;li&gt;to generate Lorem Ipsum which&lt;/li&gt;&lt;li&gt;but the majority have suffered alteratio&lt;/li&gt;&lt;li&gt;is that it has a more-or-less&lt;/li&gt;&lt;/ul&gt;All the Lorem Ipsum generators on the Internet tend to repeat predefined chunks as necessary, making this the first true generator on the Internet.&lt;br&gt;&lt;br&gt;&lt;br&gt;', '[{\"facebook\":\"http:\\/\\/www.facebook.com\\/dfy\",\"twitter\":\"http:\\/\\/www.twitter.com\\/dfy\",\"linkedin\":\"http:\\/\\/www.linkedin.com\\/dfy\",\"google\":\"http:\\/\\/www.google.com\\/dfy\",\"youtube\":\"http:\\/\\/www.youtube.com\\/dfy\",\"instagram\":\"http:\\/\\/www.instagram.com\\/dfy\"}]', 'All the rights reserved to Dfyinfosolutions', NULL, '[{\"title\":\"Education is the most powerful weapon\",\"description\":\"&quot;You can use education to change the world&quot; - &lt;i&gt;Nelson Mandela&lt;\\/i&gt;\",\"image\":\"slider1.jpg\"},{\"title\":\"Knowledge is power\",\"description\":\"&quot;Education is the premise of progress, in every society, in every family&quot; - &lt;i&gt;Kofi Annan&lt;\\/i&gt;\",\"image\":\"2.jpg\"},{\"title\":\"Have an aim in life, continuously acquire knowledge\",\"description\":\"&quot;Never stop fighting until you arrive at your destined place&quot; - &lt;i&gt;A.P.J. Abdul Kalam&lt;\\/i&gt;\",\"image\":\"1.jpg\"}]', 'ultimate', 'Welcome to Dfy High School', 'Dfy High School (DHS) is a public secondary school in Patna, Bihar. It serves students in grades 912 in the southern part of the Bellevue School District, including the neighborhoods of Eastgate, Factoria, Newport Hills, Newport Shores, Somerset, The Summit, and Sunset. As of the 2014-2015 school year, the principal is Dion Yahoudy. The mascot is the Knight, and the school colors are scarlet and gold.', 'Dfy');

-- --------------------------------------------------------

--
-- Table structure for table `grades`
--

CREATE TABLE `grades` (
  `id` int(11) UNSIGNED NOT NULL,
  `name` varchar(255) COLLATE utf8_unicode_ci DEFAULT NULL,
  `grade_point` varchar(255) COLLATE utf8_unicode_ci DEFAULT NULL,
  `mark_from` varchar(255) COLLATE utf8_unicode_ci DEFAULT NULL,
  `mark_upto` varchar(255) COLLATE utf8_unicode_ci DEFAULT NULL,
  `comment` longtext COLLATE utf8_unicode_ci DEFAULT NULL,
  `school_id` int(11) DEFAULT NULL,
  `session` varchar(255) COLLATE utf8_unicode_ci DEFAULT NULL,
  `created_at` timestamp NULL DEFAULT NULL,
  `updated_at` timestamp NULL DEFAULT NULL
) ENGINE=InnoDB DEFAULT CHARSET=utf8 COLLATE=utf8_unicode_ci;

--
-- Dumping data for table `grades`
--

INSERT INTO `grades` (`id`, `name`, `grade_point`, `mark_from`, `mark_upto`, `comment`, `school_id`, `session`, `created_at`, `updated_at`) VALUES
(1, 'A', '1', '75', '80', NULL, 1, '1', NULL, NULL);

-- --------------------------------------------------------

--
-- Table structure for table `invoices`
--

CREATE TABLE `invoices` (
  `id` int(11) NOT NULL,
  `title` varchar(255) COLLATE utf8_unicode_ci DEFAULT NULL,
  `total_amount` int(11) DEFAULT NULL,
  `class_id` int(11) DEFAULT NULL,
  `student_id` int(11) DEFAULT NULL,
  `payment_method` longtext COLLATE utf8_unicode_ci DEFAULT NULL,
  `paid_amount` int(11) DEFAULT NULL,
  `status` longtext COLLATE utf8_unicode_ci DEFAULT NULL,
  `school_id` int(11) DEFAULT NULL,
  `session` varchar(255) COLLATE utf8_unicode_ci DEFAULT NULL,
  `created_at` int(11) DEFAULT NULL,
  `updated_at` int(11) DEFAULT NULL COMMENT 'This column is all about payment taking date'
) ENGINE=MyISAM DEFAULT CHARSET=utf8 COLLATE=utf8_unicode_ci;

--
-- Dumping data for table `invoices`
--

INSERT INTO `invoices` (`id`, `title`, `total_amount`, `class_id`, `student_id`, `payment_method`, `paid_amount`, `status`, `school_id`, `session`, `created_at`, `updated_at`) VALUES
(12, 'Annual Fee', 2000, 2, 3, NULL, 0, 'unpaid', 1, '1', 1626633000, NULL),
(2, 'Fee', 2000, 1, 2, NULL, 2000, 'paid', 1, '1', 1626633000, 1626633000),
(4, 'Fee', 2000, 1, 5, NULL, 2000, 'paid', 1, '2', 1626633000, 1626633000),
(5, 'Fee', 2000, 1, 5, NULL, 2000, 'paid', 1, '2', 1626633000, 1626633000),
(6, 'Fee', 2000, 1, 6, NULL, 2000, 'paid', 1, '2', 1626633000, 1626633000),
(7, 'Fee', 2000, 2, 4, NULL, 2000, 'paid', 1, '2', 1626633000, 1626633000),
(8, 'Fee', 2000, 1, 6, NULL, 2000, 'unpaid', 1, '2', 1626633000, 1626633000),
(13, 'Annual Fee', 2000, 2, 1, NULL, 1200, 'unpaid', 1, '1', 1626633000, 1626633000),
(14, 'Fee', 2000, 2, 7, NULL, 2000, 'paid', 1, '1', 1626633000, 1626633000);

-- --------------------------------------------------------

--
-- Table structure for table `marks`
--

CREATE TABLE `marks` (
  `id` int(11) UNSIGNED NOT NULL,
  `student_id` int(11) DEFAULT NULL,
  `subject_id` int(11) DEFAULT NULL,
  `class_id` int(11) DEFAULT NULL,
  `section_id` int(11) DEFAULT NULL,
  `exam_id` int(11) DEFAULT NULL,
  `mark_obtained` int(11) DEFAULT 0,
  `comment` longtext COLLATE utf8_unicode_ci DEFAULT NULL,
  `session` int(11) DEFAULT NULL,
  `school_id` int(11) DEFAULT NULL
) ENGINE=InnoDB DEFAULT CHARSET=utf8 COLLATE=utf8_unicode_ci;

--
-- Dumping data for table `marks`
--

INSERT INTO `marks` (`id`, `student_id`, `subject_id`, `class_id`, `section_id`, `exam_id`, `mark_obtained`, `comment`, `session`, `school_id`) VALUES
(1, 1, 1, 1, 1, 1, 0, '', 1, 1),
(2, 2, 1, 1, 1, 1, 0, NULL, 1, 1),
(3, 3, 4, 2, 2, 1, 0, NULL, 1, 1),
(4, 1, 2, 1, 1, 1, 0, NULL, 1, 1),
(5, 2, 2, 1, 1, 1, 0, NULL, 1, 1),
(6, 1, 5, 2, 2, 1, 0, NULL, 1, 1),
(7, 3, 5, 2, 2, 1, 0, NULL, 1, 1),
(8, 7, 5, 2, 2, 1, 0, NULL, 1, 1),
(9, 1, 4, 2, 2, 1, 0, NULL, 1, 1),
(10, 7, 4, 2, 2, 1, 0, NULL, 1, 1);

-- --------------------------------------------------------

--
-- Table structure for table `menus`
--

CREATE TABLE `menus` (
  `id` int(11) UNSIGNED NOT NULL,
  `displayed_name` varchar(255) COLLATE utf8_unicode_ci DEFAULT NULL,
  `route_name` varchar(255) COLLATE utf8_unicode_ci DEFAULT NULL,
  `parent` int(11) DEFAULT NULL,
  `icon` varchar(255) COLLATE utf8_unicode_ci DEFAULT NULL,
  `status` int(11) DEFAULT 1,
  `superadmin_access` int(11) NOT NULL DEFAULT 0,
  `admin_access` int(11) NOT NULL DEFAULT 0,
  `teacher_access` int(11) NOT NULL DEFAULT 0,
  `parent_access` int(11) NOT NULL DEFAULT 0,
  `student_access` int(11) NOT NULL DEFAULT 0,
  `accountant_access` int(11) NOT NULL DEFAULT 0,
  `librarian_access` int(11) NOT NULL DEFAULT 0,
  `sort_order` int(11) NOT NULL,
  `is_addon` int(11) NOT NULL DEFAULT 0 COMMENT 'If the value is 1 that means its an addon.',
  `unique_identifier` varchar(255) COLLATE utf8_unicode_ci DEFAULT NULL COMMENT 'It is mandatory for addons'
) ENGINE=InnoDB DEFAULT CHARSET=utf8 COLLATE=utf8_unicode_ci ROW_FORMAT=COMPACT;

--
-- Dumping data for table `menus`
--

INSERT INTO `menus` (`id`, `displayed_name`, `route_name`, `parent`, `icon`, `status`, `superadmin_access`, `admin_access`, `teacher_access`, `parent_access`, `student_access`, `accountant_access`, `librarian_access`, `sort_order`, `is_addon`, `unique_identifier`) VALUES
(1, 'users', NULL, 0, 'dripicons-user', 1, 1, 1, 1, 1, 1, 0, 0, 10, 0, 'users'),
(2, 'admin', 'admin', 1, NULL, 1, 1, 0, 0, 0, 0, 0, 0, 9, 0, 'admin'),
(3, 'student', 'student', 1, NULL, 1, 1, 1, 1, 0, 0, 0, 0, 10, 0, 'student'),
(4, 'teacher', 'teacher', 1, NULL, 1, 1, 1, 1, 1, 1, 0, 0, 30, 0, 'teacher'),
(5, 'parent', 'parent', 1, NULL, 1, 1, 1, 0, 0, 0, 0, 0, 50, 0, 'parent'),
(6, 'librarian', 'librarian', 1, NULL, 1, 1, 1, 0, 0, 0, 0, 0, 70, 0, 'librarian'),
(7, 'accountant', 'accountant', 1, NULL, 1, 1, 1, 0, 0, 0, 0, 0, 60, 0, 'accountant'),
(8, 'driver', NULL, 1, NULL, 0, 1, 0, 0, 0, 0, 0, 0, 80, 0, 'driver'),
(9, 'academic', NULL, 0, 'dripicons-store', 1, 1, 1, 1, 1, 1, 0, 0, 20, 0, 'academic'),
(10, 'class', 'manage_class', 9, NULL, 1, 1, 1, 0, 0, 0, 0, 0, 40, 0, 'class'),
(11, 'section', NULL, 9, NULL, 0, 1, 1, 0, 0, 0, 0, 0, 50, 0, 'section'),
(12, 'class_room', 'class_room', 9, NULL, 1, 1, 1, 0, 0, 0, 0, 0, 60, 0, 'class-room'),
(13, 'syllabus', 'syllabus', 9, NULL, 1, 1, 1, 1, 1, 1, 0, 0, 30, 0, 'syllabus'),
(14, 'subject', 'subject', 9, NULL, 1, 1, 1, 1, 0, 1, 0, 0, 29, 0, 'subject'),
(15, 'class_routine', 'routine', 9, NULL, 1, 1, 1, 1, 1, 1, 0, 0, 20, 0, 'class-routine'),
(16, 'daily_attendance', 'attendance', 9, NULL, 1, 1, 1, 1, 1, 1, 0, 0, 10, 0, 'daily-attendance'),
(17, 'noticeboard', NULL, 9, NULL, 0, 1, 0, 0, 0, 0, 0, 0, 110, 0, 'noticeboard'),
(18, 'promotion', 'promotion', 19, NULL, 1, 1, 1, 0, 0, 0, 0, 0, 50, 0, 'promotion'),
(19, 'exam', NULL, 0, 'dripicons-to-do', 1, 1, 1, 1, 1, 1, 0, 0, 30, 0, 'exam'),
(20, 'exam', 'exam', 19, NULL, 1, 1, 1, 1, 0, 0, 0, 0, 20, 0, 'exam'),
(21, 'grades', 'grade', 19, NULL, 1, 1, 1, 0, 1, 1, 0, 0, 30, 0, 'grades'),
(22, 'marks', 'mark', 19, NULL, 1, 1, 1, 1, 1, 1, 0, 0, 10, 0, 'marks'),
(23, 'tabulation_sheet', NULL, 19, NULL, 0, 1, 0, 0, 0, 0, 0, 0, 40, 0, 'tabulation-sheet'),
(24, 'accounting', NULL, 0, 'dripicons-suitcase', 1, 1, 1, 0, 1, 1, 1, 0, 40, 0, 'accounting'),
(25, 'student_fee_manager', 'invoice', 24, NULL, 1, 1, 1, 0, 1, 1, 1, 0, 10, 0, 'student-fee-manager'),
(26, 'student_fee_report', NULL, 24, NULL, 0, 1, 0, 0, 0, 0, 1, 0, 20, 0, 'student-fee-report'),
(27, 'expense_manager', 'expense', 24, NULL, 1, 1, 1, 0, 0, 0, 1, 0, 40, 0, 'expense-manager'),
(28, 'back_office', NULL, 0, 'dripicons-archive', 1, 1, 1, 1, 1, 1, 0, 1, 50, 0, 'back-office'),
(29, 'library', NULL, 28, NULL, 1, 1, 1, 1, 1, 1, 0, 1, 0, 0, 'library'),
(30, 'transport', NULL, 28, NULL, 0, 1, 0, 0, 0, 0, 0, 0, 0, 0, 'transport'),
(31, 'hostel', NULL, 28, NULL, 0, 1, 0, 0, 0, 0, 0, 0, 0, 0, 'hostel'),
(32, 'school_website', NULL, 28, NULL, 0, 1, 0, 0, 0, 0, 0, 0, 0, 0, 'school-website'),
(33, 'settings', NULL, 0, 'dripicons-cutlery', 1, 1, 1, 0, 0, 0, 0, 0, 60, 0, 'settings'),
(34, 'system_settings', 'system_settings', 33, NULL, 1, 1, 0, 0, 0, 0, 0, 0, 10, 0, 'system-settings'),
(36, 'payment_settings', 'payment_settings', 33, NULL, 1, 1, 0, 0, 0, 0, 0, 0, 20, 0, 'payment-settings'),
(37, 'language_settings', 'language', 33, NULL, 1, 1, 0, 0, 0, 0, 0, 0, 30, 0, 'language-settings'),
(38, 'session_manager', 'session_manager', 28, NULL, 1, 1, 0, 0, 0, 0, 0, 0, 0, 0, 'session-manager'),
(39, 'department', 'department', 9, NULL, 1, 1, 1, 0, 0, 0, 0, 0, 70, 0, 'department'),
(40, 'admission', 'student/create', 1, NULL, 1, 1, 1, 0, 0, 0, 0, 0, 20, 0, 'admission'),
(41, 'addon_manager', 'addon_manager', 28, NULL, 1, 1, 0, 0, 0, 0, 0, 0, 0, 0, 'addon-manager'),
(43, 'event_calender', 'event_calendar', 9, NULL, 1, 1, 1, 1, 1, 1, 0, 0, 100, 0, 'event-calender'),
(44, 'online_exam', NULL, 20, NULL, 0, 1, 0, 0, 0, 0, 0, 0, 50, 0, 'online-exam'),
(45, 'certificate', NULL, 20, NULL, 0, 1, 0, 0, 0, 0, 0, 0, 60, 0, 'certificate'),
(46, 'teacher_permission', 'permission', 1, NULL, 1, 1, 1, 0, 0, 0, 0, 0, 40, 0, 'teacher-permission'),
(47, 'messaging', NULL, 1, NULL, 0, 1, 0, 0, 0, 0, 0, 0, 110, 0, 'messaging'),
(48, 'role_permission', 'role.index', 1, NULL, 0, 1, 0, 0, 0, 0, 0, 0, 100, 0, 'role-permission'),
(49, 'form_builder', NULL, 32, NULL, 1, 1, 0, 0, 0, 0, 0, 0, 0, 0, 'form-builder'),
(50, 'book_list_manager', 'book', 29, NULL, 1, 1, 1, 1, 1, 1, 0, 1, 0, 0, 'book-list-manager'),
(51, 'book_issue_report', 'book_issue', 29, NULL, 1, 1, 1, 0, 0, 1, 0, 1, 0, 0, 'book-issue-report'),
(52, 'room_manager', NULL, 31, NULL, 1, 1, 0, 0, 0, 0, 0, 0, 0, 0, 'room-manager'),
(53, 'student_report', NULL, 31, NULL, 1, 1, 0, 0, 0, 0, 0, 0, 0, 0, 'student-report'),
(55, 'expense_category', 'expense_category', 24, NULL, 1, 1, 1, 0, 0, 0, 1, 0, 30, 0, 'expense-category'),
(56, 'SMTP_settings', 'smtp_settings', 33, NULL, 1, 1, 0, 0, 0, 0, 0, 0, 50, 0, 'smtp-settings'),
(57, 'school_settings', 'school_settings', 33, NULL, 1, 1, 1, 0, 0, 0, 0, 0, 12, 0, 'school-settings'),
(58, 'about', 'about', 33, NULL, 1, 1, 0, 0, 0, 0, 0, 0, 51, 0, 'about'),
(115, 'website_settings', 'website_settings', 33, NULL, 1, 1, 0, 0, 0, 0, 0, 0, 11, 0, 'website-settings'),
(116, 'noticeboard', 'noticeboard', 28, NULL, 1, 1, 1, 0, 0, 0, 0, 0, 0, 0, 'noticeboard');

-- --------------------------------------------------------

--
-- Table structure for table `noticeboard`
--

CREATE TABLE `noticeboard` (
  `id` int(11) NOT NULL,
  `notice_title` longtext COLLATE utf8_unicode_ci DEFAULT NULL,
  `notice` longtext COLLATE utf8_unicode_ci DEFAULT NULL,
  `date` varchar(255) COLLATE utf8_unicode_ci DEFAULT NULL,
  `status` int(11) DEFAULT 1,
  `show_on_website` int(11) DEFAULT 0,
  `image` text COLLATE utf8_unicode_ci DEFAULT NULL,
  `school_id` int(11) NOT NULL,
  `session` int(11) NOT NULL
) ENGINE=MyISAM DEFAULT CHARSET=utf8 COLLATE=utf8_unicode_ci;

--
-- Dumping data for table `noticeboard`
--

INSERT INTO `noticeboard` (`id`, `notice_title`, `notice`, `date`, `status`, `show_on_website`, `image`, `school_id`, `session`) VALUES
(1, 'Holiday', 'Sunday', '07/18/2021 00:00:1', 1, 1, 'placeholder.png', 1, 2);

-- --------------------------------------------------------

--
-- Table structure for table `parents`
--

CREATE TABLE `parents` (
  `id` int(11) NOT NULL,
  `user_id` int(11) DEFAULT NULL,
  `school_id` int(11) DEFAULT NULL
) ENGINE=InnoDB DEFAULT CHARSET=utf8 COLLATE=utf8_unicode_ci;

--
-- Dumping data for table `parents`
--

INSERT INTO `parents` (`id`, `user_id`, `school_id`) VALUES
(1, 3, 1);

-- --------------------------------------------------------

--
-- Table structure for table `payment_settings`
--

CREATE TABLE `payment_settings` (
  `id` int(11) NOT NULL,
  `key` varchar(500) COLLATE utf8_unicode_ci DEFAULT NULL,
  `value` longtext COLLATE utf8_unicode_ci DEFAULT NULL
) ENGINE=InnoDB DEFAULT CHARSET=utf8 COLLATE=utf8_unicode_ci;

--
-- Dumping data for table `payment_settings`
--

INSERT INTO `payment_settings` (`id`, `key`, `value`) VALUES
(12, 'stripe_settings', '[{\"stripe_active\":\"yes\",\"stripe_mode\":\"on\",\"stripe_test_secret_key\":\"sk_test_51JEsftSCAobgBRbSsCdVnkxJclSWgifgYB3wIMfNKibEIRZC0gezuUrwC0gxHLiyB4Jk99QnoM2yPgQoVEsLD2vG00yxVITIu6\",\"stripe_test_public_key\":\"pk_test_51JEsftSCAobgBRbSOPeYbor2BZoBhO9R6NovA03JBtMyjg0nqi5xUoT1LjWZNuz2QhtaaeLN7jH4XJkXcptGHfSs00cCpvSlFR\",\"stripe_live_secret_key\":\"1234\",\"stripe_live_public_key\":\"1234\",\"stripe_currency\":\"INR\"}]'),
(17, 'paypal_settings', '[{\"paypal_active\":\"yes\",\"paypal_mode\":\"sandbox\",\"paypal_client_id_sandbox\":\"AUCM1sBiA2mFHQxjVc3UMuWUSsAGfUR2F0TvqYfSLCLjBivKmdf_-1N0x9sWlmMLkBTlpC8dqzsw2jaE\",\"paypal_client_id_production\":\"1234\",\"paypal_currency\":\"INR\"}]');

-- --------------------------------------------------------

--
-- Table structure for table `routines`
--

CREATE TABLE `routines` (
  `id` int(11) NOT NULL,
  `class_id` varchar(255) COLLATE utf8_unicode_ci DEFAULT NULL,
  `section_id` varchar(255) COLLATE utf8_unicode_ci DEFAULT NULL,
  `subject_id` varchar(255) COLLATE utf8_unicode_ci DEFAULT NULL,
  `starting_hour` varchar(255) COLLATE utf8_unicode_ci DEFAULT NULL,
  `ending_hour` varchar(255) COLLATE utf8_unicode_ci DEFAULT NULL,
  `starting_minute` varchar(255) COLLATE utf8_unicode_ci DEFAULT NULL,
  `ending_minute` varchar(255) COLLATE utf8_unicode_ci DEFAULT NULL,
  `day` varchar(255) COLLATE utf8_unicode_ci DEFAULT '',
  `teacher_id` int(11) DEFAULT NULL,
  `room_id` int(11) DEFAULT NULL,
  `school_id` int(11) DEFAULT NULL,
  `session_id` varchar(255) COLLATE utf8_unicode_ci DEFAULT ''
) ENGINE=InnoDB DEFAULT CHARSET=utf8 COLLATE=utf8_unicode_ci;

--
-- Dumping data for table `routines`
--

INSERT INTO `routines` (`id`, `class_id`, `section_id`, `subject_id`, `starting_hour`, `ending_hour`, `starting_minute`, `ending_minute`, `day`, `teacher_id`, `room_id`, `school_id`, `session_id`) VALUES
(1, '1', '1', '1', '1', '2', '0', '0', 'monday', 1, 1, 1, '1');

-- --------------------------------------------------------

--
-- Table structure for table `schools`
--

CREATE TABLE `schools` (
  `id` int(11) UNSIGNED NOT NULL,
  `name` varchar(255) COLLATE utf8_unicode_ci DEFAULT NULL,
  `address` longtext COLLATE utf8_unicode_ci DEFAULT NULL,
  `phone` longtext COLLATE utf8_unicode_ci DEFAULT NULL
) ENGINE=InnoDB DEFAULT CHARSET=utf8 COLLATE=utf8_unicode_ci;

--
-- Dumping data for table `schools`
--

INSERT INTO `schools` (`id`, `name`, `address`, `phone`) VALUES
(1, 'Dfy', 'Patna', '+91 9865230147');

-- --------------------------------------------------------

--
-- Table structure for table `sections`
--

CREATE TABLE `sections` (
  `id` int(11) UNSIGNED NOT NULL,
  `name` varchar(255) COLLATE utf8_unicode_ci DEFAULT NULL,
  `class_id` int(11) DEFAULT NULL
) ENGINE=InnoDB DEFAULT CHARSET=utf8 COLLATE=utf8_unicode_ci;

--
-- Dumping data for table `sections`
--

INSERT INTO `sections` (`id`, `name`, `class_id`) VALUES
(1, 'A', 1),
(2, 'A', 2);

-- --------------------------------------------------------

--
-- Table structure for table `sessions`
--

CREATE TABLE `sessions` (
  `id` int(11) UNSIGNED NOT NULL,
  `name` varchar(255) COLLATE utf8_unicode_ci DEFAULT NULL,
  `status` int(11) DEFAULT 0
) ENGINE=InnoDB DEFAULT CHARSET=utf8 COLLATE=utf8_unicode_ci;

--
-- Dumping data for table `sessions`
--

INSERT INTO `sessions` (`id`, `name`, `status`) VALUES
(1, '2021', 1),
(2, '2022', 0);

-- --------------------------------------------------------

--
-- Table structure for table `settings`
--

CREATE TABLE `settings` (
  `id` int(11) UNSIGNED NOT NULL,
  `school_id` int(11) DEFAULT NULL,
  `system_name` varchar(255) DEFAULT NULL,
  `system_title` varchar(255) DEFAULT NULL,
  `system_email` varchar(255) DEFAULT NULL,
  `phone` varchar(255) DEFAULT NULL,
  `address` longtext DEFAULT NULL,
  `purchase_code` varchar(255) DEFAULT NULL,
  `system_currency` varchar(255) DEFAULT NULL,
  `currency_position` varchar(255) DEFAULT NULL,
  `running_session` varchar(255) DEFAULT '',
  `language` varchar(255) DEFAULT NULL,
  `student_email_verification` varchar(255) DEFAULT NULL,
  `footer_text` varchar(255) DEFAULT NULL,
  `footer_link` varchar(255) DEFAULT NULL,
  `version` varchar(255) DEFAULT NULL,
  `fax` varchar(255) DEFAULT NULL,
  `date_of_last_updated_attendance` varchar(255) DEFAULT NULL,
  `timezone` varchar(255) DEFAULT NULL,
  `youtube_api_key` varchar(255) DEFAULT NULL,
  `vimeo_api_key` varchar(255) DEFAULT NULL
) ENGINE=InnoDB DEFAULT CHARSET=utf8;

--
-- Dumping data for table `settings`
--

INSERT INTO `settings` (`id`, `school_id`, `system_name`, `system_title`, `system_email`, `phone`, `address`, `purchase_code`, `system_currency`, `currency_position`, `running_session`, `language`, `student_email_verification`, `footer_text`, `footer_link`, `version`, `fax`, `date_of_last_updated_attendance`, `timezone`, `youtube_api_key`, `vimeo_api_key`) VALUES
(1, 1, 'Dfy School Manager', 'Dfy School', 'info@dfyinfosolutions.com', '9654120354', 'Patna', '1234', 'INR', 'left-space', '1', 'english', NULL, 'By Dfyinfosolutions', 'https://www.dfyinfosolutions.com/', '7.2', '1234567890', '1626698057', 'Asia/Kolkata', '', '');

-- --------------------------------------------------------

--
-- Table structure for table `smtp_settings`
--

CREATE TABLE `smtp_settings` (
  `id` int(11) NOT NULL,
  `mail_sender` varchar(255) COLLATE utf8_unicode_ci DEFAULT NULL,
  `smtp_protocol` varchar(255) COLLATE utf8_unicode_ci DEFAULT NULL,
  `smtp_host` varchar(255) COLLATE utf8_unicode_ci DEFAULT NULL,
  `smtp_username` varchar(255) COLLATE utf8_unicode_ci DEFAULT NULL,
  `smtp_password` varchar(255) COLLATE utf8_unicode_ci DEFAULT NULL,
  `smtp_port` varchar(255) COLLATE utf8_unicode_ci DEFAULT NULL,
  `smtp_secure` varchar(255) COLLATE utf8_unicode_ci DEFAULT NULL,
  `smtp_set_from` varchar(255) COLLATE utf8_unicode_ci DEFAULT NULL,
  `smtp_debug` varchar(255) COLLATE utf8_unicode_ci DEFAULT NULL,
  `smtp_show_error` varchar(255) COLLATE utf8_unicode_ci DEFAULT NULL
) ENGINE=InnoDB DEFAULT CHARSET=utf8 COLLATE=utf8_unicode_ci;

--
-- Dumping data for table `smtp_settings`
--

INSERT INTO `smtp_settings` (`id`, `mail_sender`, `smtp_protocol`, `smtp_host`, `smtp_username`, `smtp_password`, `smtp_port`, `smtp_secure`, `smtp_set_from`, `smtp_debug`, `smtp_show_error`) VALUES
(1, 'php_mailer', 'smtp', 'smtp.googlemail.com', 'akabhishek0089@gmail.com', 'abhishek.kumar@9387#', '465', 'ssl', 'akabhishek0089@gmail.com', NULL, 'yes');

-- --------------------------------------------------------

--
-- Table structure for table `students`
--

CREATE TABLE `students` (
  `id` int(11) UNSIGNED NOT NULL,
  `code` varchar(255) COLLATE utf8_unicode_ci DEFAULT NULL,
  `user_id` int(11) DEFAULT NULL,
  `parent_id` int(11) DEFAULT NULL,
  `session` int(11) DEFAULT NULL,
  `school_id` int(11) DEFAULT NULL
) ENGINE=InnoDB DEFAULT CHARSET=utf8 COLLATE=utf8_unicode_ci;

--
-- Dumping data for table `students`
--

INSERT INTO `students` (`id`, `code`, `user_id`, `parent_id`, `session`, `school_id`) VALUES
(1, '2021-3845-6709', 6, 1, 1, 1),
(2, '2021-8704-1265', 7, 1, 1, 1),
(3, '2021-1637-8094', 11, 3, 1, 1),
(4, '2021-3687-0529', 12, 1, 2, 1),
(5, '2021-8302-9541', 13, 1, 2, 1),
(6, '2021-1364-9725', 14, 1, 2, 1),
(7, '2021-9827-6034', 15, 1, 1, 1);

-- --------------------------------------------------------

--
-- Table structure for table `subjects`
--

CREATE TABLE `subjects` (
  `id` int(11) UNSIGNED NOT NULL,
  `name` varchar(255) COLLATE utf8_unicode_ci DEFAULT NULL,
  `class_id` int(11) DEFAULT NULL,
  `school_id` int(11) DEFAULT NULL,
  `session` int(11) DEFAULT NULL
) ENGINE=InnoDB DEFAULT CHARSET=utf8 COLLATE=utf8_unicode_ci;

--
-- Dumping data for table `subjects`
--

INSERT INTO `subjects` (`id`, `name`, `class_id`, `school_id`, `session`) VALUES
(1, 'Mathametics', 1, 1, 1),
(2, 'Science', 1, 1, 1),
(3, 'English', 1, 1, 1),
(4, 'Mathematics', 2, 1, 1),
(5, 'Science', 2, 1, 1),
(6, 'English', 2, 1, 1);

-- --------------------------------------------------------

--
-- Table structure for table `syllabuses`
--

CREATE TABLE `syllabuses` (
  `id` int(11) UNSIGNED NOT NULL,
  `title` varchar(255) COLLATE utf8_unicode_ci DEFAULT NULL,
  `class_id` int(11) DEFAULT NULL,
  `section_id` int(11) DEFAULT NULL,
  `subject_id` int(11) DEFAULT NULL,
  `file` varchar(255) COLLATE utf8_unicode_ci DEFAULT NULL,
  `session_id` int(11) DEFAULT NULL,
  `school_id` int(11) DEFAULT NULL
) ENGINE=InnoDB DEFAULT CHARSET=utf8 COLLATE=utf8_unicode_ci;

-- --------------------------------------------------------

--
-- Table structure for table `teachers`
--

CREATE TABLE `teachers` (
  `id` int(11) UNSIGNED NOT NULL,
  `user_id` int(11) DEFAULT NULL,
  `department_id` int(11) DEFAULT NULL,
  `designation` varchar(255) COLLATE utf8_unicode_ci DEFAULT NULL,
  `school_id` int(11) DEFAULT NULL,
  `social_links` longtext COLLATE utf8_unicode_ci DEFAULT NULL,
  `about` longtext COLLATE utf8_unicode_ci DEFAULT NULL,
  `show_on_website` int(11) NOT NULL
) ENGINE=InnoDB DEFAULT CHARSET=utf8 COLLATE=utf8_unicode_ci;

--
-- Dumping data for table `teachers`
--

INSERT INTO `teachers` (`id`, `user_id`, `department_id`, `designation`, `school_id`, `social_links`, `about`, `show_on_website`) VALUES
(1, 8, 1, 'Mathematics Teacher', 1, '{\"facebook\":\"facebook.com\",\"twitter\":\"twitter.com\",\"linkedin\":\"linkedin.com\"}', 'Hello..', 1),
(2, 9, 2, 'English Teacher', 1, '{\"facebook\":\"facebook.com\",\"twitter\":\"twitter.com\",\"linkedin\":\"linkedin.com\"}', 'Hi..', 1);

-- --------------------------------------------------------

--
-- Table structure for table `teacher_permissions`
--

CREATE TABLE `teacher_permissions` (
  `id` int(11) UNSIGNED NOT NULL,
  `class_id` int(11) DEFAULT NULL,
  `section_id` int(11) DEFAULT NULL,
  `teacher_id` int(11) DEFAULT NULL,
  `marks` int(11) DEFAULT 0,
  `assignment` int(11) DEFAULT 0,
  `attendance` int(11) DEFAULT 0,
  `online_exam` int(11) DEFAULT 0
) ENGINE=InnoDB DEFAULT CHARSET=utf8 COLLATE=utf8_unicode_ci;

--
-- Dumping data for table `teacher_permissions`
--

INSERT INTO `teacher_permissions` (`id`, `class_id`, `section_id`, `teacher_id`, `marks`, `assignment`, `attendance`, `online_exam`) VALUES
(1, 1, 1, 1, 1, 0, 1, 0),
(2, 1, 1, 2, 1, 0, 1, 0),
(3, 2, 2, 2, 1, 0, 1, 0);

-- --------------------------------------------------------

--
-- Table structure for table `users`
--

CREATE TABLE `users` (
  `id` int(11) UNSIGNED NOT NULL,
  `name` varchar(255) COLLATE utf8mb4_unicode_ci NOT NULL,
  `email` varchar(255) COLLATE utf8mb4_unicode_ci NOT NULL,
  `password` varchar(255) COLLATE utf8mb4_unicode_ci NOT NULL,
  `role` varchar(255) COLLATE utf8mb4_unicode_ci DEFAULT NULL,
  `address` longtext COLLATE utf8mb4_unicode_ci DEFAULT NULL,
  `phone` varchar(255) COLLATE utf8mb4_unicode_ci DEFAULT NULL,
  `remember_token` varchar(255) COLLATE utf8mb4_unicode_ci DEFAULT NULL,
  `birthday` varchar(255) COLLATE utf8mb4_unicode_ci DEFAULT NULL,
  `gender` varchar(255) COLLATE utf8mb4_unicode_ci DEFAULT NULL,
  `blood_group` varchar(255) COLLATE utf8mb4_unicode_ci DEFAULT NULL,
  `school_id` int(11) DEFAULT NULL,
  `authentication_key` varchar(255) COLLATE utf8mb4_unicode_ci DEFAULT NULL,
  `watch_history` longtext COLLATE utf8mb4_unicode_ci DEFAULT NULL
) ENGINE=InnoDB DEFAULT CHARSET=utf8mb4 COLLATE=utf8mb4_unicode_ci;

--
-- Dumping data for table `users`
--

INSERT INTO `users` (`id`, `name`, `email`, `password`, `role`, `address`, `phone`, `remember_token`, `birthday`, `gender`, `blood_group`, `school_id`, `authentication_key`, `watch_history`) VALUES
(1, 'Dfy', 'admin@dfyinfosolutions.com', 'ea341b4240f29230e0f98719218a3dc35fe60d94', 'superadmin', NULL, NULL, NULL, NULL, NULL, NULL, 1, NULL, '[]'),
(2, 'Abhishek Kumar', 'abhishek.kumar@dfyinfosolutions.com', 'db8632ce0cd27f571438c588a0f44411f443ff76', 'admin', 'Patna', '9905609560', NULL, NULL, 'Male', 'b+', 1, NULL, '[]'),
(3, 'Rahul Kumar', 'rahul@gmail.com', 'ea341b4240f29230e0f98719218a3dc35fe60d94', 'parent', 'Bihar', '7854123695', NULL, NULL, 'Male', 'a+', 1, NULL, '[]'),
(4, 'Pankaj Kumar', 'pankaj@gmail.com', 'ea341b4240f29230e0f98719218a3dc35fe60d94', 'accountant', 'Patna', '8596321045', NULL, NULL, 'Male', 'a+', 1, NULL, '[]'),
(5, 'Sumit Kumar', 'sumit@gmail.com', 'ea341b4240f29230e0f98719218a3dc35fe60d94', 'librarian', 'Patna', '9632104578', NULL, NULL, 'Male', 'a+', 1, NULL, '[]'),
(6, 'Rohit Kumar', 'rohit@gmail.com', 'ea341b4240f29230e0f98719218a3dc35fe60d94', 'student', 'patna', '7596321045', NULL, '1626633000', 'Male', 'a+', 1, NULL, '[]'),
(7, 'Neha Kumari', 'neha@gmail.com', 'ea341b4240f29230e0f98719218a3dc35fe60d94', 'student', 'Patna', '758963210', NULL, '1626633000', 'Female', 'a+', 1, NULL, '[]'),
(8, 'Rohit Kumar', 'rohit120@gmail.com', 'ea341b4240f29230e0f98719218a3dc35fe60d94', 'teacher', 'Patna', '7596321047', NULL, NULL, 'Male', 'a+', 1, NULL, '[]'),
(9, 'Surbhi Kumari', 'surbhi@gmail.com', 'ea341b4240f29230e0f98719218a3dc35fe60d94', 'teacher', 'patna', '9651230478', NULL, NULL, 'Female', 'a+', 1, NULL, '[]'),
(10, 'Saurav Kumar', 'saurav@gmail.com', 'ea341b4240f29230e0f98719218a3dc35fe60d94', 'admin', 'patna', '9854120365', NULL, NULL, 'Male', 'a+', 1, NULL, '[]'),
(11, 'Aman Kumar', 'aman@gmail.com', 'd66575e1de9f4a9098cccd2b7f993ca4ca406cf8', 'student', NULL, '7856321046', NULL, NULL, 'male', NULL, 1, NULL, '[]'),
(12, 'Abhi', 'abhi@gmail.com', 'ea341b4240f29230e0f98719218a3dc35fe60d94', 'student', 'Patna', '8563210478', NULL, '1626633000', 'Male', 'a+', 1, NULL, '[]'),
(13, 'Ajay kumar', 'ajay@gmail.com', 'ea341b4240f29230e0f98719218a3dc35fe60d94', 'student', 'Kankarbagh,Patna', '9854123602', NULL, '1626633000', 'Male', 'a+', 1, NULL, '[]'),
(14, 'Amit Kumar', 'amit@gmail.com', 'ea341b4240f29230e0f98719218a3dc35fe60d94', 'student', NULL, NULL, NULL, NULL, 'Male', NULL, 1, NULL, '[]'),
(15, 'Saurav Kumar', 'saurav102@gmail.com', 'ea341b4240f29230e0f98719218a3dc35fe60d94', 'student', 'Patna', '9654120856', NULL, '1626633000', 'Male', 'a+', 1, NULL, '[]');

--
-- Indexes for dumped tables
--

--
-- Indexes for table `addons`
--
ALTER TABLE `addons`
  ADD PRIMARY KEY (`id`);

--
-- Indexes for table `books`
--
ALTER TABLE `books`
  ADD PRIMARY KEY (`id`);

--
-- Indexes for table `book_issues`
--
ALTER TABLE `book_issues`
  ADD PRIMARY KEY (`id`);

--
-- Indexes for table `classes`
--
ALTER TABLE `classes`
  ADD PRIMARY KEY (`id`);

--
-- Indexes for table `class_rooms`
--
ALTER TABLE `class_rooms`
  ADD PRIMARY KEY (`id`);

--
-- Indexes for table `common_settings`
--
ALTER TABLE `common_settings`
  ADD PRIMARY KEY (`id`);

--
-- Indexes for table `currencies`
--
ALTER TABLE `currencies`
  ADD PRIMARY KEY (`id`);

--
-- Indexes for table `daily_attendances`
--
ALTER TABLE `daily_attendances`
  ADD PRIMARY KEY (`id`);

--
-- Indexes for table `departments`
--
ALTER TABLE `departments`
  ADD PRIMARY KEY (`id`);

--
-- Indexes for table `enrols`
--
ALTER TABLE `enrols`
  ADD PRIMARY KEY (`id`);

--
-- Indexes for table `event_calendars`
--
ALTER TABLE `event_calendars`
  ADD PRIMARY KEY (`id`);

--
-- Indexes for table `exams`
--
ALTER TABLE `exams`
  ADD PRIMARY KEY (`id`);

--
-- Indexes for table `expenses`
--
ALTER TABLE `expenses`
  ADD PRIMARY KEY (`id`);

--
-- Indexes for table `expense_categories`
--
ALTER TABLE `expense_categories`
  ADD PRIMARY KEY (`id`);

--
-- Indexes for table `frontend_events`
--
ALTER TABLE `frontend_events`
  ADD PRIMARY KEY (`frontend_events_id`);

--
-- Indexes for table `frontend_gallery`
--
ALTER TABLE `frontend_gallery`
  ADD PRIMARY KEY (`frontend_gallery_id`);

--
-- Indexes for table `frontend_gallery_image`
--
ALTER TABLE `frontend_gallery_image`
  ADD PRIMARY KEY (`frontend_gallery_image_id`);

--
-- Indexes for table `frontend_settings`
--
ALTER TABLE `frontend_settings`
  ADD PRIMARY KEY (`id`);

--
-- Indexes for table `grades`
--
ALTER TABLE `grades`
  ADD PRIMARY KEY (`id`);

--
-- Indexes for table `invoices`
--
ALTER TABLE `invoices`
  ADD PRIMARY KEY (`id`);

--
-- Indexes for table `marks`
--
ALTER TABLE `marks`
  ADD PRIMARY KEY (`id`);

--
-- Indexes for table `menus`
--
ALTER TABLE `menus`
  ADD PRIMARY KEY (`id`);

--
-- Indexes for table `noticeboard`
--
ALTER TABLE `noticeboard`
  ADD PRIMARY KEY (`id`);

--
-- Indexes for table `parents`
--
ALTER TABLE `parents`
  ADD PRIMARY KEY (`id`);

--
-- Indexes for table `payment_settings`
--
ALTER TABLE `payment_settings`
  ADD PRIMARY KEY (`id`);

--
-- Indexes for table `routines`
--
ALTER TABLE `routines`
  ADD PRIMARY KEY (`id`);

--
-- Indexes for table `schools`
--
ALTER TABLE `schools`
  ADD PRIMARY KEY (`id`);

--
-- Indexes for table `sections`
--
ALTER TABLE `sections`
  ADD PRIMARY KEY (`id`);

--
-- Indexes for table `sessions`
--
ALTER TABLE `sessions`
  ADD PRIMARY KEY (`id`),
  ADD KEY `name` (`name`) USING BTREE;

--
-- Indexes for table `settings`
--
ALTER TABLE `settings`
  ADD PRIMARY KEY (`id`);

--
-- Indexes for table `smtp_settings`
--
ALTER TABLE `smtp_settings`
  ADD PRIMARY KEY (`id`);

--
-- Indexes for table `students`
--
ALTER TABLE `students`
  ADD PRIMARY KEY (`id`);

--
-- Indexes for table `subjects`
--
ALTER TABLE `subjects`
  ADD PRIMARY KEY (`id`);

--
-- Indexes for table `syllabuses`
--
ALTER TABLE `syllabuses`
  ADD PRIMARY KEY (`id`);

--
-- Indexes for table `teachers`
--
ALTER TABLE `teachers`
  ADD PRIMARY KEY (`id`);

--
-- Indexes for table `teacher_permissions`
--
ALTER TABLE `teacher_permissions`
  ADD PRIMARY KEY (`id`);

--
-- Indexes for table `users`
--
ALTER TABLE `users`
  ADD PRIMARY KEY (`id`);

--
-- AUTO_INCREMENT for dumped tables
--

--
-- AUTO_INCREMENT for table `addons`
--
ALTER TABLE `addons`
  MODIFY `id` int(11) NOT NULL AUTO_INCREMENT;

--
-- AUTO_INCREMENT for table `books`
--
ALTER TABLE `books`
  MODIFY `id` int(11) UNSIGNED NOT NULL AUTO_INCREMENT, AUTO_INCREMENT=3;

--
-- AUTO_INCREMENT for table `book_issues`
--
ALTER TABLE `book_issues`
  MODIFY `id` int(11) UNSIGNED NOT NULL AUTO_INCREMENT, AUTO_INCREMENT=3;

--
-- AUTO_INCREMENT for table `classes`
--
ALTER TABLE `classes`
  MODIFY `id` int(11) UNSIGNED NOT NULL AUTO_INCREMENT, AUTO_INCREMENT=3;

--
-- AUTO_INCREMENT for table `class_rooms`
--
ALTER TABLE `class_rooms`
  MODIFY `id` int(11) UNSIGNED NOT NULL AUTO_INCREMENT, AUTO_INCREMENT=2;

--
-- AUTO_INCREMENT for table `common_settings`
--
ALTER TABLE `common_settings`
  MODIFY `id` int(11) NOT NULL AUTO_INCREMENT, AUTO_INCREMENT=4;

--
-- AUTO_INCREMENT for table `currencies`
--
ALTER TABLE `currencies`
  MODIFY `id` int(11) NOT NULL AUTO_INCREMENT, AUTO_INCREMENT=114;

--
-- AUTO_INCREMENT for table `daily_attendances`
--
ALTER TABLE `daily_attendances`
  MODIFY `id` int(11) NOT NULL AUTO_INCREMENT, AUTO_INCREMENT=6;

--
-- AUTO_INCREMENT for table `departments`
--
ALTER TABLE `departments`
  MODIFY `id` int(11) UNSIGNED NOT NULL AUTO_INCREMENT, AUTO_INCREMENT=4;

--
-- AUTO_INCREMENT for table `enrols`
--
ALTER TABLE `enrols`
  MODIFY `id` int(11) UNSIGNED NOT NULL AUTO_INCREMENT, AUTO_INCREMENT=8;

--
-- AUTO_INCREMENT for table `event_calendars`
--
ALTER TABLE `event_calendars`
  MODIFY `id` int(11) NOT NULL AUTO_INCREMENT, AUTO_INCREMENT=2;

--
-- AUTO_INCREMENT for table `exams`
--
ALTER TABLE `exams`
  MODIFY `id` int(11) UNSIGNED NOT NULL AUTO_INCREMENT, AUTO_INCREMENT=2;

--
-- AUTO_INCREMENT for table `expenses`
--
ALTER TABLE `expenses`
  MODIFY `id` int(11) UNSIGNED NOT NULL AUTO_INCREMENT, AUTO_INCREMENT=3;

--
-- AUTO_INCREMENT for table `expense_categories`
--
ALTER TABLE `expense_categories`
  MODIFY `id` int(11) UNSIGNED NOT NULL AUTO_INCREMENT, AUTO_INCREMENT=3;

--
-- AUTO_INCREMENT for table `frontend_events`
--
ALTER TABLE `frontend_events`
  MODIFY `frontend_events_id` int(11) NOT NULL AUTO_INCREMENT;

--
-- AUTO_INCREMENT for table `frontend_gallery`
--
ALTER TABLE `frontend_gallery`
  MODIFY `frontend_gallery_id` int(11) NOT NULL AUTO_INCREMENT;

--
-- AUTO_INCREMENT for table `frontend_gallery_image`
--
ALTER TABLE `frontend_gallery_image`
  MODIFY `frontend_gallery_image_id` int(11) NOT NULL AUTO_INCREMENT;

--
-- AUTO_INCREMENT for table `frontend_settings`
--
ALTER TABLE `frontend_settings`
  MODIFY `id` int(11) NOT NULL AUTO_INCREMENT, AUTO_INCREMENT=2;

--
-- AUTO_INCREMENT for table `grades`
--
ALTER TABLE `grades`
  MODIFY `id` int(11) UNSIGNED NOT NULL AUTO_INCREMENT, AUTO_INCREMENT=2;

--
-- AUTO_INCREMENT for table `invoices`
--
ALTER TABLE `invoices`
  MODIFY `id` int(11) NOT NULL AUTO_INCREMENT, AUTO_INCREMENT=15;

--
-- AUTO_INCREMENT for table `marks`
--
ALTER TABLE `marks`
  MODIFY `id` int(11) UNSIGNED NOT NULL AUTO_INCREMENT, AUTO_INCREMENT=11;

--
-- AUTO_INCREMENT for table `menus`
--
ALTER TABLE `menus`
  MODIFY `id` int(11) UNSIGNED NOT NULL AUTO_INCREMENT, AUTO_INCREMENT=117;

--
-- AUTO_INCREMENT for table `noticeboard`
--
ALTER TABLE `noticeboard`
  MODIFY `id` int(11) NOT NULL AUTO_INCREMENT, AUTO_INCREMENT=2;

--
-- AUTO_INCREMENT for table `parents`
--
ALTER TABLE `parents`
  MODIFY `id` int(11) NOT NULL AUTO_INCREMENT, AUTO_INCREMENT=2;

--
-- AUTO_INCREMENT for table `payment_settings`
--
ALTER TABLE `payment_settings`
  MODIFY `id` int(11) NOT NULL AUTO_INCREMENT, AUTO_INCREMENT=18;

--
-- AUTO_INCREMENT for table `routines`
--
ALTER TABLE `routines`
  MODIFY `id` int(11) NOT NULL AUTO_INCREMENT, AUTO_INCREMENT=2;

--
-- AUTO_INCREMENT for table `schools`
--
ALTER TABLE `schools`
  MODIFY `id` int(11) UNSIGNED NOT NULL AUTO_INCREMENT, AUTO_INCREMENT=2;

--
-- AUTO_INCREMENT for table `sections`
--
ALTER TABLE `sections`
  MODIFY `id` int(11) UNSIGNED NOT NULL AUTO_INCREMENT, AUTO_INCREMENT=3;

--
-- AUTO_INCREMENT for table `sessions`
--
ALTER TABLE `sessions`
  MODIFY `id` int(11) UNSIGNED NOT NULL AUTO_INCREMENT, AUTO_INCREMENT=3;

--
-- AUTO_INCREMENT for table `settings`
--
ALTER TABLE `settings`
  MODIFY `id` int(11) UNSIGNED NOT NULL AUTO_INCREMENT, AUTO_INCREMENT=2;

--
-- AUTO_INCREMENT for table `smtp_settings`
--
ALTER TABLE `smtp_settings`
  MODIFY `id` int(11) NOT NULL AUTO_INCREMENT, AUTO_INCREMENT=2;

--
-- AUTO_INCREMENT for table `students`
--
ALTER TABLE `students`
  MODIFY `id` int(11) UNSIGNED NOT NULL AUTO_INCREMENT, AUTO_INCREMENT=8;

--
-- AUTO_INCREMENT for table `subjects`
--
ALTER TABLE `subjects`
  MODIFY `id` int(11) UNSIGNED NOT NULL AUTO_INCREMENT, AUTO_INCREMENT=7;

--
-- AUTO_INCREMENT for table `syllabuses`
--
ALTER TABLE `syllabuses`
  MODIFY `id` int(11) UNSIGNED NOT NULL AUTO_INCREMENT, AUTO_INCREMENT=2;

--
-- AUTO_INCREMENT for table `teachers`
--
ALTER TABLE `teachers`
  MODIFY `id` int(11) UNSIGNED NOT NULL AUTO_INCREMENT, AUTO_INCREMENT=3;

--
-- AUTO_INCREMENT for table `teacher_permissions`
--
ALTER TABLE `teacher_permissions`
  MODIFY `id` int(11) UNSIGNED NOT NULL AUTO_INCREMENT, AUTO_INCREMENT=4;

--
-- AUTO_INCREMENT for table `users`
--
ALTER TABLE `users`
  MODIFY `id` int(11) UNSIGNED NOT NULL AUTO_INCREMENT, AUTO_INCREMENT=16;
COMMIT;

/*!40101 SET CHARACTER_SET_CLIENT=@OLD_CHARACTER_SET_CLIENT */;
/*!40101 SET CHARACTER_SET_RESULTS=@OLD_CHARACTER_SET_RESULTS */;
/*!40101 SET COLLATION_CONNECTION=@OLD_COLLATION_CONNECTION */;
